date,sales,onpromotion,dcoilwtico,transactions,is_national_holiday,precipitation_mm,is_payday,day_of_week,month,year
2013-01-01,0.0,0.0,93.14,4246.202702702703,1,6.5,0,1,1,2013
2013-01-02,716.0,0.0,93.14,4821.0,0,4.0,0,2,1,2013
2013-01-03,423.0,0.0,92.97,3618.0,0,4.5,0,3,1,2013
2013-01-04,494.0,0.0,93.12,4169.0,0,3.8,0,4,1,2013
2013-01-05,797.0,0.0,93.12,4921.0,1,1.8,0,5,1,2013
2013-01-06,1097.0,0.0,93.12,4925.0,0,1.0,0,6,1,2013
2013-01-07,538.0,0.0,93.2,3871.0,0,1.6,0,0,1,2013
2013-01-08,2356.0,0.0,93.21,3593.0,0,0.1,0,1,1,2013
2013-01-09,424.0,0.0,93.08,4006.0,0,3.4,0,2,1,2013
2013-01-10,310.0,0.0,93.81,3323.0,0,2.4,0,3,1,2013
2013-01-11,335.0,0.0,93.6,3873.0,0,10.4,0,4,1,2013
2013-01-12,548.0,0.0,93.6,4423.0,1,11.4,0,5,1,2013
2013-01-13,728.0,0.0,93.6,4676.0,0,8.1,0,6,1,2013
2013-01-14,268.0,0.0,94.27,3450.0,0,10.2,0,0,1,2013
2013-01-15,292.0,0.0,93.26,3527.0,0,8.1,1,1,1,2013
2013-01-16,412.0,0.0,94.28,4026.0,0,8.7,0,2,1,2013
2013-01-17,259.0,0.0,95.49,3412.0,0,10.4,0,3,1,2013
2013-01-18,297.0,0.0,95.61,3801.0,0,5.5,0,4,1,2013
2013-01-19,585.0,0.0,95.61,4656.0,0,2.2,0,5,1,2013
2013-01-20,711.0,0.0,95.61,4732.0,0,3.1,0,6,1,2013
2013-01-21,267.0,0.0,95.61,3508.0,0,4.4,0,0,1,2013
2013-01-22,2252.0,0.0,96.09,3349.0,0,4.2,0,1,1,2013
2013-01-23,286.0,0.0,95.06,3704.0,0,15.8,0,2,1,2013
2013-01-24,202.0,0.0,95.35,3121.0,0,15.1,0,3,1,2013
2013-01-25,297.0,0.0,95.15,3751.0,0,13.4,0,4,1,2013
2013-01-26,539.0,0.0,95.15,4812.0,0,8.3,0,5,1,2013
2013-01-27,631.0,0.0,95.15,4648.0,0,3.9,0,6,1,2013
2013-01-28,262.0,0.0,95.95,3392.0,0,4.9,0,0,1,2013
2013-01-29,226.0,0.0,97.62,3317.0,0,10.5,0,1,1,2013
2013-01-30,301.0,0.0,97.98,3852.0,0,3.1,0,2,1,2013
2013-01-31,234.0,0.0,97.65,3509.0,0,7.4,1,3,1,2013
2013-02-01,377.0,0.0,97.46,4064.0,0,13.2,0,4,2,2013
2013-02-02,771.0,0.0,97.46,5166.0,0,12.6,0,5,2,2013
2013-02-03,764.0,0.0,97.46,4736.0,0,14.8,0,6,2,2013
2013-02-04,357.0,0.0,96.21,3459.0,0,28.1,0,0,2,2013
2013-02-05,361.0,0.0,96.68,3568.0,0,16.1,0,1,2,2013
2013-02-06,382.0,0.0,96.44,3941.0,0,12.5,0,2,2,2013
2013-02-07,298.0,0.0,95.84,3678.0,0,11.3,0,3,2,2013
2013-02-08,274.0,0.0,95.71,4006.0,0,13.4,0,4,2,2013
2013-02-09,431.0,0.0,95.71,4133.0,0,25.5,0,5,2,2013
2013-02-10,336.0,0.0,95.71,3135.0,0,7.7,0,6,2,2013
2013-02-11,361.0,0.0,97.01,3243.0,1,18.3,0,0,2,2013
2013-02-12,413.0,0.0,97.48,3904.0,1,19.5,0,1,2,2013
2013-02-13,301.0,0.0,97.03,3860.0,0,10.7,0,2,2,2013
2013-02-14,3223.0,0.0,97.3,4043.0,0,21.4,0,3,2,2013
2013-02-15,297.0,0.0,95.95,3605.0,0,5.7,1,4,2,2013
2013-02-16,667.0,0.0,95.95,4770.0,0,9.3,0,5,2,2013
2013-02-17,539.0,0.0,95.95,3936.0,0,14.2,0,6,2,2013
2013-02-18,352.0,0.0,95.95,3586.0,0,10.7,0,0,2,2013
2013-02-19,279.0,0.0,96.69,3228.0,0,10.3,0,1,2,2013
2013-02-20,339.0,0.0,94.92,3800.0,0,4.3,0,2,2,2013
2013-02-21,191.0,0.0,92.79,3282.0,0,7.1,0,3,2,2013
2013-02-22,261.0,0.0,93.12,3638.0,0,11.8,0,4,2,2013
2013-02-23,526.0,0.0,93.12,4461.0,0,5.0,0,5,2,2013
2013-02-24,631.0,0.0,93.12,4517.0,0,10.5,0,6,2,2013
2013-02-25,314.0,0.0,92.74,3515.0,0,6.3,0,0,2,2013
2013-02-26,248.0,0.0,92.63,3310.0,0,4.1,0,1,2,2013
2013-02-27,314.0,0.0,92.84,3595.0,0,6.8,0,2,2,2013
2013-02-28,224.0,0.0,92.03,3426.0,0,6.9,1,3,2,2013
2013-03-01,397.0,0.0,90.71,4075.0,0,12.8,0,4,3,2013
2013-03-02,726.0,0.0,90.71,4891.0,0,18.6,0,5,3,2013
2013-03-03,948.0,0.0,90.71,5065.0,0,18.4,0,6,3,2013
2013-03-04,461.0,0.0,90.13,3823.0,0,7.8,0,0,3,2013
2013-03-05,312.0,0.0,90.88,3582.0,0,8.4,0,1,3,2013
2013-03-06,392.0,0.0,90.47,4105.0,0,11.8,0,2,3,2013
2013-03-07,215.0,0.0,91.53,3551.0,0,2.0,0,3,3,2013
2013-03-08,258.0,0.0,92.01,3998.0,0,1.8,0,4,3,2013
2013-03-09,514.0,0.0,92.01,4846.0,0,10.9,0,5,3,2013
2013-03-10,627.0,0.0,92.01,4756.0,0,11.5,0,6,3,2013
2013-03-11,293.0,0.0,92.07,3626.0,0,21.0,0,0,3,2013
2013-03-12,227.0,0.0,92.44,3376.0,0,6.6,0,1,3,2013
2013-03-13,317.0,0.0,92.47,3799.0,0,14.8,0,2,3,2013
2013-03-14,199.0,0.0,93.03,3276.0,0,13.0,0,3,3,2013
2013-03-15,250.0,0.0,93.49,3732.0,0,16.4,1,4,3,2013
2013-03-16,581.0,0.0,93.49,4786.0,0,14.9,0,5,3,2013
2013-03-17,817.0,0.0,93.49,5037.0,0,10.5,0,6,3,2013
2013-03-18,300.0,0.0,93.71,3556.0,0,10.1,0,0,3,2013
2013-03-19,252.0,0.0,92.44,3431.0,0,12.6,0,1,3,2013
2013-03-20,314.0,0.0,93.21,3806.0,0,9.5,0,2,3,2013
2013-03-21,211.0,0.0,92.46,3375.0,0,14.5,0,3,3,2013
2013-03-22,234.0,0.0,93.41,3826.0,0,11.8,0,4,3,2013
2013-03-23,566.0,0.0,93.41,4972.0,0,11.4,0,5,3,2013
2013-03-24,600.0,0.0,93.41,4485.0,0,15.8,0,6,3,2013
2013-03-25,258.0,0.0,94.55,3533.0,0,5.6,0,0,3,2013
2013-03-26,148.0,0.0,95.99,2756.0,0,3.0,0,1,3,2013
2013-03-27,319.0,0.0,96.53,4160.0,0,3.0,0,2,3,2013
2013-03-28,244.0,0.0,97.24,4090.0,0,7.9,0,3,3,2013
2013-03-29,321.0,0.0,97.24,3905.0,0,13.1,0,4,3,2013
2013-03-30,557.0,0.0,97.24,4178.0,0,4.3,0,5,3,2013
2013-03-31,601.0,0.0,97.24,4259.0,0,1.6,1,6,3,2013
2013-04-01,469.0,0.0,97.1,3812.0,0,2.5,0,0,4,2013
2013-04-02,392.0,0.0,97.23,3610.0,0,25.6,0,1,4,2013
2013-04-03,382.0,0.0,95.02,4212.0,0,4.1,0,2,4,2013
2013-04-04,311.0,0.0,93.26,3457.0,0,6.0,0,3,4,2013
2013-04-05,384.0,0.0,92.76,3816.0,0,8.4,0,4,4,2013
2013-04-06,930.0,0.0,92.76,5047.0,0,3.1,0,5,4,2013
2013-04-07,1079.0,0.0,92.76,4857.0,0,1.8,0,6,4,2013
2013-04-08,437.0,0.0,93.36,3595.0,0,4.6,0,0,4,2013
2013-04-09,393.0,0.0,94.18,3417.0,0,7.1,0,1,4,2013
2013-04-10,409.0,0.0,94.59,4008.0,0,9.6,0,2,4,2013
2013-04-11,308.0,0.0,93.44,3489.0,0,14.9,0,3,4,2013
2013-04-12,296.0,0.0,91.23,3928.0,0,3.5,0,4,4,2013
2013-04-13,720.0,0.0,91.23,4843.0,0,2.5,0,5,4,2013
2013-04-14,859.0,0.0,91.23,4745.0,0,13.4,0,6,4,2013
2013-04-15,398.0,0.0,88.75,3499.0,0,13.1,1,0,4,2013
2013-04-16,455.0,0.0,88.73,3496.0,0,10.5,0,1,4,2013
2013-04-17,476.0,0.0,86.65,3954.0,0,14.1,0,2,4,2013
2013-04-18,356.0,0.0,87.83,3316.0,0,8.0,0,3,4,2013
2013-04-19,292.0,0.0,88.04,3558.0,0,12.7,0,4,4,2013
2013-04-20,783.0,0.0,88.04,5052.0,0,20.9,0,5,4,2013
2013-04-21,934.0,0.0,88.04,4905.0,0,17.5,0,6,4,2013
2013-04-22,413.0,0.0,88.81,3531.0,0,18.7,0,0,4,2013
2013-04-23,355.0,0.0,89.21,3432.0,0,14.7,0,1,4,2013
2013-04-24,447.0,0.0,91.07,3950.0,0,1.4,0,2,4,2013
2013-04-25,245.0,0.0,93.27,3429.0,0,3.4,0,3,4,2013
2013-04-26,217.0,0.0,92.63,3872.0,0,7.3,0,4,4,2013
2013-04-27,456.0,0.0,92.63,4763.0,0,10.4,0,5,4,2013
2013-04-28,749.0,0.0,92.63,4799.0,0,11.2,0,6,4,2013
2013-04-29,221.0,0.0,94.09,3415.0,1,7.1,0,0,4,2013
2013-04-30,269.0,0.0,93.22,3632.0,0,11.4,1,1,4,2013
2013-05-01,641.0,0.0,90.74,5053.0,1,8.4,0,2,5,2013
2013-05-02,247.0,0.0,93.7,3504.0,0,13.4,0,3,5,2013
2013-05-03,247.0,0.0,95.25,3766.0,0,10.4,0,4,5,2013
2013-05-04,580.0,0.0,95.25,4962.0,0,14.0,0,5,5,2013
2013-05-05,711.0,0.0,95.25,5021.0,0,12.2,0,6,5,2013
2013-05-06,324.0,0.0,95.8,3643.0,0,10.7,0,0,5,2013
2013-05-07,286.0,0.0,95.28,3347.0,0,12.3,0,1,5,2013
2013-05-08,361.0,0.0,96.24,4172.0,0,14.2,0,2,5,2013
2013-05-09,216.0,0.0,96.09,3791.0,0,7.5,0,3,5,2013
2013-05-10,262.0,0.0,95.81,4316.0,0,10.5,0,4,5,2013
2013-05-11,560.0,0.0,95.81,6328.0,1,6.6,0,5,5,2013
2013-05-12,367.0,0.0,95.81,4159.0,1,14.1,0,6,5,2013
2013-05-13,299.0,0.0,94.76,3600.0,0,2.5,0,0,5,2013
2013-05-14,225.0,0.0,93.96,3421.0,0,12.6,0,1,5,2013
2013-05-15,295.0,0.0,93.95,4105.0,0,22.8,1,2,5,2013
2013-05-16,288.0,0.0,94.85,3648.0,0,20.5,0,3,5,2013
2013-05-17,272.0,0.0,95.72,3832.0,0,3.4,0,4,5,2013
2013-05-18,553.0,0.0,95.72,5106.0,0,1.3,0,5,5,2013
2013-05-19,629.0,0.0,95.72,4684.0,0,8.6,0,6,5,2013
2013-05-20,296.0,0.0,96.29,3695.0,0,16.8,0,0,5,2013
2013-05-21,1595.0,0.0,95.55,3507.0,0,19.7,0,1,5,2013
2013-05-22,275.0,0.0,93.98,3969.0,0,10.0,0,2,5,2013
2013-05-23,214.0,0.0,94.12,3675.0,0,6.8,0,3,5,2013
2013-05-24,358.0,0.0,93.84,4013.0,1,10.1,0,4,5,2013
2013-05-25,373.0,0.0,93.84,4116.0,0,12.3,0,5,5,2013
2013-05-26,475.0,0.0,93.84,4039.0,0,13.4,0,6,5,2013
2013-05-27,227.0,0.0,93.84,3455.0,0,10.9,0,0,5,2013
2013-05-28,242.0,0.0,94.65,3407.0,0,14.2,0,1,5,2013
2013-05-29,262.0,0.0,93.13,3702.0,0,10.3,0,2,5,2013
2013-05-30,250.0,0.0,93.57,3572.0,0,11.5,0,3,5,2013
2013-05-31,259.0,0.0,91.93,3886.0,0,12.4,1,4,5,2013
2013-06-01,702.0,0.0,91.93,5168.0,0,10.4,0,5,6,2013
2013-06-02,759.0,0.0,91.93,4566.0,0,1.3,0,6,6,2013
2013-06-03,482.0,0.0,93.41,4034.0,0,0.0,0,0,6,2013
2013-06-04,323.0,0.0,93.36,3563.0,0,1.4,0,1,6,2013
2013-06-05,324.0,0.0,93.66,4107.0,0,2.1,0,2,6,2013
2013-06-06,1256.0,0.0,94.71,3482.0,0,1.8,0,3,6,2013
2013-06-07,225.0,0.0,96.11,3965.0,0,0.7,0,4,6,2013
2013-06-08,480.0,0.0,96.11,4617.0,0,0.0,0,5,6,2013
2013-06-09,480.0,0.0,96.11,4668.0,0,0.6,0,6,6,2013
2013-06-10,286.0,0.0,95.82,3559.0,0,0.4,0,0,6,2013
2013-06-11,98.0,0.0,95.5,2438.0,0,3.4,0,1,6,2013
2013-06-12,274.0,0.0,95.98,4027.0,0,1.4,0,2,6,2013
2013-06-13,221.0,0.0,96.66,3543.0,0,1.6,0,3,6,2013
2013-06-14,202.0,0.0,97.83,4177.0,0,2.5,0,4,6,2013
2013-06-15,474.0,0.0,97.83,5511.0,0,1.0,1,5,6,2013
2013-06-16,410.0,0.0,97.83,4233.0,0,0.8,0,6,6,2013
2013-06-17,352.0,0.0,97.86,3793.0,0,3.2,0,0,6,2013
2013-06-18,319.0,0.0,98.46,3347.0,0,2.9,0,1,6,2013
2013-06-19,272.0,0.0,98.24,3909.0,0,1.1,0,2,6,2013
2013-06-20,187.0,0.0,94.89,3371.0,0,2.4,0,3,6,2013
2013-06-21,164.0,0.0,93.81,3866.0,0,1.7,0,4,6,2013
2013-06-22,456.0,0.0,93.81,4603.0,0,3.2,0,5,6,2013
2013-06-23,524.0,0.0,93.81,4622.0,0,5.0,0,6,6,2013
2013-06-24,276.0,0.0,95.07,3584.0,0,1.4,0,0,6,2013
2013-06-25,210.0,0.0,95.25,3470.0,0,4.4,0,1,6,2013
2013-06-26,257.0,0.0,95.47,3838.0,0,3.0,0,2,6,2013
2013-06-27,186.0,0.0,97.0,3410.0,0,1.8,0,3,6,2013
2013-06-28,215.0,0.0,96.36,3866.0,0,12.0,0,4,6,2013
2013-06-29,519.0,0.0,96.36,4601.0,0,8.7,0,5,6,2013
2013-06-30,620.0,0.0,96.36,4541.0,0,6.6,1,6,6,2013
2013-07-01,422.0,0.0,97.94,3998.0,0,9.9,0,0,7,2013
2013-07-02,328.0,0.0,99.65,3717.0,0,6.9,0,1,7,2013
2013-07-03,378.0,0.0,101.92,4163.0,0,8.1,0,2,7,2013
2013-07-04,230.0,0.0,101.92,3569.0,0,9.7,0,3,7,2013
2013-07-05,237.0,0.0,103.09,3973.0,0,1.2,0,4,7,2013
2013-07-06,588.0,0.0,103.09,4665.0,0,1.3,0,5,7,2013
2013-07-07,631.0,0.0,103.09,4589.0,0,3.4,0,6,7,2013
2013-07-08,1423.0,0.0,103.03,3725.0,0,1.8,0,0,7,2013
2013-07-09,274.0,0.0,103.46,3531.0,0,0.8,0,1,7,2013
2013-07-10,330.0,0.0,106.41,3820.0,0,2.2,0,2,7,2013
2013-07-11,203.0,0.0,104.77,3445.0,0,1.1,0,3,7,2013
2013-07-12,260.0,0.0,105.85,3978.0,0,1.3,0,4,7,2013
2013-07-13,440.0,0.0,105.85,4514.0,0,1.0,0,5,7,2013
2013-07-14,537.0,0.0,105.85,4383.0,0,1.9,0,6,7,2013
2013-07-15,280.0,0.0,106.2,3815.0,0,1.1,1,0,7,2013
2013-07-16,363.0,0.0,105.88,3860.0,0,0.7,0,1,7,2013
2013-07-17,330.0,0.0,106.39,3889.0,0,1.6,0,2,7,2013
2013-07-18,221.0,0.0,107.94,3445.0,0,2.3,0,3,7,2013
2013-07-19,236.0,0.0,108.0,3861.0,0,0.4,0,4,7,2013
2013-07-20,501.0,0.0,108.0,4411.0,0,0.1,0,5,7,2013
2013-07-21,491.0,0.0,108.0,4373.0,0,1.1,0,6,7,2013
2013-07-22,315.0,0.0,106.61,3773.0,0,0.8,0,0,7,2013
2013-07-23,266.0,0.0,107.13,3576.0,0,0.5,0,1,7,2013
2013-07-24,293.0,0.0,105.41,3882.0,0,0.6,0,2,7,2013
2013-07-25,234.0,0.0,105.47,3524.0,0,2.5,0,3,7,2013
2013-07-26,207.0,0.0,104.76,4003.0,0,0.1,0,4,7,2013
2013-07-27,419.0,0.0,104.76,4413.0,0,0.3,0,5,7,2013
2013-07-28,603.0,0.0,104.76,4241.0,0,0.4,0,6,7,2013
2013-07-29,280.0,0.0,104.61,3520.0,0,0.1,0,0,7,2013
2013-07-30,256.0,0.0,103.14,3499.0,0,2.1,0,1,7,2013
2013-07-31,377.0,0.0,105.1,4188.0,0,2.1,1,2,7,2013
2013-08-01,311.0,0.0,107.93,3797.0,0,1.2,0,3,8,2013
2013-08-02,359.0,0.0,106.94,4006.0,0,0.0,0,4,8,2013
2013-08-03,536.0,0.0,106.94,4576.0,0,0.9,0,5,8,2013
2013-08-04,607.0,0.0,106.94,4563.0,0,1.1,0,6,8,2013
2013-08-05,337.0,0.0,106.61,3833.0,0,0.4,0,0,8,2013
2013-08-06,228.0,0.0,105.32,3526.0,0,1.5,0,1,8,2013
2013-08-07,283.0,0.0,104.41,3971.0,0,3.8,0,2,8,2013
2013-08-08,228.0,0.0,103.45,3318.0,0,11.0,0,3,8,2013
2013-08-09,262.0,0.0,106.04,3856.0,0,6.4,0,4,8,2013
2013-08-10,468.0,0.0,106.04,4212.0,1,8.6,0,5,8,2013
2013-08-11,487.0,0.0,106.04,4108.0,0,9.0,0,6,8,2013
2013-08-12,279.0,0.0,106.19,3740.0,0,7.6,0,0,8,2013
2013-08-13,253.0,0.0,106.78,3587.0,0,3.0,0,1,8,2013
2013-08-14,1773.0,0.0,106.89,3733.0,0,0.7,0,2,8,2013
2013-08-15,238.0,0.0,107.43,3459.0,0,3.6,1,3,8,2013
2013-08-16,326.0,0.0,107.58,4074.0,0,7.2,0,4,8,2013
2013-08-17,462.0,0.0,107.58,4722.0,0,3.7,0,5,8,2013
2013-08-18,573.0,0.0,107.58,4585.0,0,8.3,0,6,8,2013
2013-08-19,317.0,0.0,107.14,3767.0,0,6.2,0,0,8,2013
2013-08-20,236.0,0.0,104.9,3664.0,0,1.8,0,1,8,2013
2013-08-21,262.0,0.0,103.93,4043.0,0,2.8,0,2,8,2013
2013-08-22,213.0,0.0,104.93,3426.0,0,2.9,0,3,8,2013
2013-08-23,240.0,0.0,106.48,3900.0,0,4.9,0,4,8,2013
2013-08-24,459.0,0.0,106.48,4617.0,0,6.8,0,5,8,2013
2013-08-25,472.0,0.0,106.48,4480.0,0,15.2,0,6,8,2013
2013-08-26,328.0,0.0,105.88,3831.0,0,4.9,0,0,8,2013
2013-08-27,264.0,0.0,109.11,3654.0,0,3.8,0,1,8,2013
2013-08-28,284.0,0.0,110.17,4059.0,0,2.9,0,2,8,2013
2013-08-29,262.0,0.0,108.51,3726.0,0,0.2,0,3,8,2013
2013-08-30,322.0,0.0,107.98,4191.0,0,1.3,0,4,8,2013
2013-08-31,669.0,0.0,107.98,5214.0,0,1.0,1,5,8,2013
2013-09-01,913.0,0.0,107.98,5391.0,0,4.4,0,6,9,2013
2013-09-02,464.0,0.0,107.98,4303.0,0,12.7,0,0,9,2013
2013-09-03,351.0,0.0,108.67,3938.0,0,11.6,0,1,9,2013
2013-09-04,393.0,0.0,107.29,4372.0,0,6.5,0,2,9,2013
2013-09-05,279.0,0.0,108.5,3629.0,0,5.3,0,3,9,2013
2013-09-06,257.0,0.0,110.62,3751.0,0,12.2,0,4,9,2013
2013-09-07,702.0,0.0,110.62,5077.0,0,11.0,0,5,9,2013
2013-09-08,738.0,0.0,110.62,5038.0,0,6.2,0,6,9,2013
2013-09-09,1836.0,0.0,109.62,3789.0,0,3.6,0,0,9,2013
2013-09-10,245.0,0.0,107.48,3337.0,0,2.7,0,1,9,2013
2013-09-11,274.0,0.0,107.65,4035.0,0,9.9,0,2,9,2013
2013-09-12,487.0,0.0,108.72,3509.0,0,11.1,0,3,9,2013
2013-09-13,257.0,0.0,108.31,3841.0,0,9.5,0,4,9,2013
2013-09-14,443.0,0.0,108.31,4838.0,0,4.1,0,5,9,2013
2013-09-15,669.0,0.0,108.31,4904.0,0,6.2,1,6,9,2013
2013-09-16,312.0,0.0,106.54,3813.0,0,5.5,0,0,9,2013
2013-09-17,262.0,0.0,105.36,3311.0,0,16.8,0,1,9,2013
2013-09-18,268.0,0.0,108.23,3778.0,0,6.3,0,2,9,2013
2013-09-19,171.0,0.0,106.26,3333.0,0,3.4,0,3,9,2013
2013-09-20,360.0,0.0,104.7,3895.0,0,2.5,0,4,9,2013
2013-09-21,475.0,0.0,104.7,4601.0,0,1.8,0,5,9,2013
2013-09-22,580.0,0.0,104.7,4657.0,0,1.1,0,6,9,2013
2013-09-23,315.0,0.0,103.62,3758.0,0,0.7,0,0,9,2013
2013-09-24,229.0,0.0,103.22,3452.0,0,2.2,0,1,9,2013
2013-09-25,323.0,0.0,102.68,3832.0,0,13.1,0,2,9,2013
2013-09-26,180.0,0.0,103.1,3394.0,0,9.3,0,3,9,2013
2013-09-27,227.0,0.0,102.86,3827.0,0,11.9,0,4,9,2013
2013-09-28,589.0,0.0,102.86,4771.0,0,9.8,0,5,9,2013
2013-09-29,661.0,0.0,102.86,4788.0,0,16.3,0,6,9,2013
2013-09-30,308.0,0.0,102.36,3357.0,0,10.9,1,0,9,2013
2013-10-01,409.0,0.0,102.09,3753.0,0,2.3,0,1,10,2013
2013-10-02,446.0,0.0,104.15,4116.0,0,7.9,0,2,10,2013
2013-10-03,308.0,0.0,103.29,3593.0,0,9.3,0,3,10,2013
2013-10-04,328.0,0.0,103.83,4046.0,0,4.0,0,4,10,2013
2013-10-05,663.0,0.0,103.83,4890.0,0,1.2,0,5,10,2013
2013-10-06,734.0,0.0,103.83,4954.0,0,5.2,0,6,10,2013
2013-10-07,329.0,0.0,103.07,3663.0,0,5.1,0,0,10,2013
2013-10-08,252.0,0.0,103.54,3529.0,0,3.9,0,1,10,2013
2013-10-09,295.0,0.0,101.63,3969.0,0,11.8,0,2,10,2013
2013-10-10,221.0,0.0,103.08,3418.0,0,7.2,0,3,10,2013
2013-10-11,132.0,0.0,102.17,2333.0,1,5.3,0,4,10,2013
2013-10-12,442.0,0.0,102.17,4209.0,0,9.3,0,5,10,2013
2013-10-13,551.0,0.0,102.17,4345.0,0,15.2,0,6,10,2013
2013-10-14,252.0,0.0,102.46,3345.0,0,21.7,0,0,10,2013
2013-10-15,208.0,0.0,101.15,3175.0,0,13.8,1,1,10,2013
2013-10-16,318.0,0.0,102.34,3960.0,0,13.4,0,2,10,2013
2013-10-17,1519.0,0.0,100.72,3517.0,0,7.9,0,3,10,2013
2013-10-18,286.0,0.0,100.87,3795.0,0,10.6,0,4,10,2013
2013-10-19,588.0,0.0,100.87,5416.0,0,3.2,0,5,10,2013
2013-10-20,699.0,0.0,100.87,5284.0,0,11.5,0,6,10,2013
2013-10-21,284.0,0.0,99.28,3565.0,0,11.8,0,0,10,2013
2013-10-22,238.0,0.0,97.63,3386.0,0,12.5,0,1,10,2013
2013-10-23,278.0,0.0,96.9,3822.0,0,6.1,0,2,10,2013
2013-10-24,190.0,0.0,96.65,3436.0,0,4.0,0,3,10,2013
2013-10-25,200.0,0.0,97.4,3764.0,0,3.6,0,4,10,2013
2013-10-26,416.0,0.0,97.4,4826.0,0,9.6,0,5,10,2013
2013-10-27,515.0,0.0,97.4,4678.0,0,7.3,0,6,10,2013
2013-10-28,280.0,0.0,98.74,3611.0,0,3.0,0,0,10,2013
2013-10-29,248.0,0.0,98.29,3470.0,0,7.3,0,1,10,2013
2013-10-30,308.0,0.0,96.81,4031.0,0,9.7,0,2,10,2013
2013-10-31,201.0,0.0,96.29,3354.0,0,5.1,1,3,10,2013
2013-11-01,396.0,0.0,94.56,4148.0,0,0.0,0,4,11,2013
2013-11-02,684.0,0.0,94.56,4855.0,1,0.0,0,5,11,2013
2013-11-03,713.0,0.0,94.56,4973.0,1,0.3,0,6,11,2013
2013-11-04,388.0,0.0,94.58,3654.0,0,0.1,0,0,11,2013
2013-11-05,382.0,0.0,93.4,3655.0,0,3.4,0,1,11,2013
2013-11-06,453.0,0.0,94.74,4023.0,0,11.3,0,2,11,2013
2013-11-07,1343.0,0.0,94.25,3488.0,0,8.6,0,3,11,2013
2013-11-08,374.0,0.0,94.56,3806.0,0,7.7,0,4,11,2013
2013-11-09,791.0,0.0,94.56,5069.0,0,12.7,0,5,11,2013
2013-11-10,946.0,0.0,94.56,5197.0,0,8.7,0,6,11,2013
2013-11-11,399.0,0.0,95.13,3788.0,0,13.4,0,0,11,2013
2013-11-12,1195.0,0.0,93.12,3577.0,0,5.3,0,1,11,2013
2013-11-13,393.0,0.0,93.91,3970.0,0,7.1,0,2,11,2013
2013-11-14,326.0,0.0,93.76,3460.0,0,10.7,0,3,11,2013
2013-11-15,307.0,0.0,93.8,4106.0,0,9.4,1,4,11,2013
2013-11-16,791.0,0.0,93.8,5170.0,0,7.9,0,5,11,2013
2013-11-17,948.0,0.0,93.8,5125.0,0,10.1,0,6,11,2013
2013-11-18,426.0,0.0,93.03,3726.0,0,10.3,0,0,11,2013
2013-11-19,390.0,0.0,93.35,3712.0,0,6.2,0,1,11,2013
2013-11-20,366.0,0.0,93.34,4087.0,0,4.2,0,2,11,2013
2013-11-21,253.0,0.0,95.35,3467.0,0,10.7,0,3,11,2013
2013-11-22,298.0,0.0,94.53,4195.0,0,9.2,0,4,11,2013
2013-11-23,653.0,0.0,94.53,5085.0,0,16.9,0,5,11,2013
2013-11-24,732.0,0.0,94.53,4973.0,0,13.1,0,6,11,2013
2013-11-25,365.0,0.0,93.86,3908.0,0,11.5,0,0,11,2013
2013-11-26,294.0,0.0,93.41,3697.0,0,8.2,0,1,11,2013
2013-11-27,330.0,0.0,92.05,4292.0,0,6.3,0,2,11,2013
2013-11-28,262.0,0.0,92.05,3705.0,0,3.5,0,3,11,2013
2013-11-29,305.0,0.0,92.55,4061.0,0,9.6,0,4,11,2013
2013-11-30,672.0,0.0,92.55,5181.0,0,4.4,1,5,11,2013
2013-12-01,1084.0,0.0,92.55,5823.0,0,1.5,0,6,12,2013
2013-12-02,485.0,0.0,93.61,4259.0,0,2.2,0,0,12,2013
2013-12-03,465.0,0.0,95.83,4230.0,0,8.2,0,1,12,2013
2013-12-04,378.0,0.0,96.97,4644.0,0,6.5,0,2,12,2013
2013-12-05,290.0,0.0,97.14,4000.0,0,7.7,0,3,12,2013
2013-12-06,616.0,0.0,97.48,4525.0,0,7.9,0,4,12,2013
2013-12-07,797.0,0.0,97.48,4935.0,0,7.9,0,5,12,2013
2013-12-08,922.0,0.0,97.48,5171.0,0,15.1,0,6,12,2013
2013-12-09,443.0,0.0,97.1,4224.0,0,16.6,0,0,12,2013
2013-12-10,368.0,0.0,98.32,4305.0,0,5.6,0,1,12,2013
2013-12-11,510.0,0.0,97.25,4837.0,0,6.8,0,2,12,2013
2013-12-12,396.0,0.0,97.21,4675.0,0,2.4,0,3,12,2013
2013-12-13,353.0,0.0,96.27,4913.0,0,12.9,0,4,12,2013
2013-12-14,738.0,0.0,96.27,5950.0,0,9.5,0,5,12,2013
2013-12-15,959.0,0.0,96.27,6159.0,0,2.6,1,6,12,2013
2013-12-16,540.0,0.0,97.18,5165.0,0,6.9,0,0,12,2013
2013-12-17,449.0,0.0,96.99,5327.0,0,11.0,0,1,12,2013
2013-12-18,447.0,0.0,97.59,6059.0,0,22.3,0,2,12,2013
2013-12-19,345.0,0.0,98.4,5997.0,0,17.0,0,3,12,2013
2013-12-20,342.0,0.0,99.11,6119.0,0,5.6,0,4,12,2013
2013-12-21,719.0,0.0,99.11,6900.0,1,4.9,0,5,12,2013
2013-12-22,814.0,0.0,99.11,7159.0,1,8.6,0,6,12,2013
2013-12-23,796.0,0.0,98.62,8256.0,1,5.8,0,0,12,2013
2013-12-24,305.0,0.0,98.87,7433.0,1,11.7,0,1,12,2013
2013-12-25,0.0,0.0,98.87,0.0,1,11.7,0,2,12,2013
2013-12-26,523.0,0.0,99.18,5084.0,1,3.1,0,3,12,2013
2013-12-27,468.0,0.0,99.94,5087.0,0,2.2,0,4,12,2013
2013-12-28,569.0,0.0,99.94,4822.0,0,1.2,0,5,12,2013
2013-12-29,635.0,0.0,99.94,4214.0,0,4.2,0,6,12,2013
2013-12-30,761.0,0.0,98.9,5810.0,0,5.4,0,0,12,2013
2013-12-31,460.0,0.0,98.17,5085.0,1,9.4,1,1,12,2013
2014-01-01,0.0,0.0,98.17,4246.202702702703,1,9.0,0,2,1,2014
2014-01-02,706.0,0.0,95.14,4422.0,0,2.7,0,3,1,2014
2014-01-03,627.0,0.0,93.66,4167.0,0,3.2,0,4,1,2014
2014-01-04,1130.0,0.0,93.66,5341.0,0,5.3,0,5,1,2014
2014-01-05,1308.0,0.0,93.66,5123.0,0,9.2,0,6,1,2014
2014-01-06,555.0,0.0,93.12,3917.0,0,17.3,0,0,1,2014
2014-01-07,499.0,0.0,93.31,3663.0,0,22.7,0,1,1,2014
2014-01-08,569.0,0.0,91.9,4254.0,0,21.5,0,2,1,2014
2014-01-09,365.0,0.0,91.36,3723.0,0,9.2,0,3,1,2014
2014-01-10,364.0,0.0,92.39,4010.0,0,9.1,0,4,1,2014
2014-01-11,712.0,0.0,92.39,5053.0,0,9.8,0,5,1,2014
2014-01-12,875.0,0.0,92.39,4852.0,0,12.1,0,6,1,2014
2014-01-13,426.0,0.0,91.45,3913.0,0,2.2,0,0,1,2014
2014-01-14,355.0,0.0,92.15,3560.0,0,3.8,0,1,1,2014
2014-01-15,395.0,0.0,93.78,3872.0,0,2.4,1,2,1,2014
2014-01-16,428.0,0.0,93.54,3781.0,0,2.4,0,3,1,2014
2014-01-17,362.0,0.0,93.96,3953.0,0,3.2,0,4,1,2014
2014-01-18,688.0,0.0,93.96,4950.0,0,10.7,0,5,1,2014
2014-01-19,785.0,0.0,93.96,4711.0,0,17.5,0,6,1,2014
2014-01-20,1944.0,0.0,93.96,3661.0,0,15.5,0,0,1,2014
2014-01-21,299.0,0.0,94.51,3781.0,0,8.6,0,1,1,2014
2014-01-22,365.0,0.0,96.35,3954.0,0,12.4,0,2,1,2014
2014-01-23,259.0,0.0,97.23,3568.0,0,2.7,0,3,1,2014
2014-01-24,292.0,0.0,96.66,3971.0,0,6.4,0,4,1,2014
2014-01-25,601.0,0.0,96.66,4813.0,0,15.2,0,5,1,2014
2014-01-26,695.0,0.0,96.66,4525.0,0,3.6,0,6,1,2014
2014-01-27,371.0,0.0,95.82,3723.0,0,1.4,0,0,1,2014
2014-01-28,266.0,0.0,97.49,3491.0,0,20.2,0,1,1,2014
2014-01-29,368.0,0.0,97.34,3810.0,0,25.6,0,2,1,2014
2014-01-30,315.0,0.0,98.25,3638.0,0,18.7,0,3,1,2014
2014-01-31,328.0,0.0,97.55,4189.0,0,4.2,1,4,1,2014
2014-02-01,916.0,0.0,97.55,5130.0,0,5.6,0,5,2,2014
2014-02-02,990.0,0.0,97.55,4827.0,0,9.1,0,6,2,2014
2014-02-03,454.0,0.0,96.44,3989.0,0,5.1,0,0,2,2014
2014-02-04,323.0,0.0,97.24,3742.0,0,15.4,0,1,2,2014
2014-02-05,440.0,0.0,97.4,4147.0,0,11.8,0,2,2,2014
2014-02-06,347.0,0.0,97.84,3712.0,0,8.2,0,3,2,2014
2014-02-07,322.0,0.0,99.98,4093.0,0,5.6,0,4,2,2014
2014-02-08,561.0,0.0,99.98,4909.0,0,9.4,0,5,2,2014
2014-02-09,648.0,0.0,99.98,4590.0,0,2.5,0,6,2,2014
2014-02-10,368.0,0.0,100.12,3788.0,0,2.5,0,0,2,2014
2014-02-11,327.0,0.0,99.96,3687.0,0,7.5,0,1,2,2014
2014-02-12,341.0,0.0,100.38,4220.0,0,10.5,0,2,2,2014
2014-02-13,311.0,0.0,100.27,4242.0,0,19.0,0,3,2,2014
2014-02-14,243.0,0.0,100.31,4362.0,0,16.1,0,4,2,2014
2014-02-15,634.0,0.0,100.31,4905.0,0,4.6,1,5,2,2014
2014-02-16,751.0,0.0,100.31,4739.0,0,10.2,0,6,2,2014
2014-02-17,357.0,0.0,100.31,3741.0,0,12.6,0,0,2,2014
2014-02-18,342.0,0.0,102.54,3672.0,0,13.3,0,1,2,2014
2014-02-19,337.0,0.0,103.46,4024.0,0,18.2,0,2,2,2014
2014-02-20,271.0,0.0,103.2,3747.0,0,12.2,0,3,2,2014
2014-02-21,245.0,0.0,102.53,3838.0,0,12.9,0,4,2,2014
2014-02-22,478.0,0.0,102.53,5233.0,0,7.6,0,5,2,2014
2014-02-23,408.0,0.0,102.53,4342.0,0,9.3,0,6,2,2014
2014-02-24,262.0,0.0,103.17,3845.0,0,10.5,0,0,2,2014
2014-02-25,1655.0,0.0,102.2,3760.0,0,8.8,0,1,2,2014
2014-02-26,218.0,0.0,102.93,3996.0,0,4.8,0,2,2,2014
2014-02-27,190.0,0.0,102.68,3899.0,0,7.7,0,3,2,2014
2014-02-28,252.0,0.0,102.88,4440.0,0,13.6,1,4,2,2014
2014-03-01,525.0,0.0,102.88,4857.0,0,10.2,0,5,3,2014
2014-03-02,438.0,0.0,102.88,3982.0,0,6.4,0,6,3,2014
2014-03-03,394.0,0.0,105.34,4004.0,1,25.9,0,0,3,2014
2014-03-04,513.0,0.0,103.64,4555.0,1,9.1,0,1,3,2014
2014-03-05,272.0,0.0,101.75,4002.0,0,8.0,0,2,3,2014
2014-03-06,315.0,0.0,101.82,4011.0,0,2.4,0,3,3,2014
2014-03-07,222.0,0.0,102.82,4127.0,0,11.9,0,4,3,2014
2014-03-08,449.0,0.0,102.82,5192.0,0,11.9,0,5,3,2014
2014-03-09,638.0,0.0,102.82,5533.0,0,19.2,0,6,3,2014
2014-03-10,264.0,0.0,101.39,3771.0,0,5.6,0,0,3,2014
2014-03-11,222.0,0.0,100.29,3844.0,0,7.3,0,1,3,2014
2014-03-12,228.0,0.0,98.29,4139.0,0,12.7,0,2,3,2014
2014-03-13,173.0,0.0,98.57,3660.0,0,2.7,0,3,3,2014
2014-03-14,207.0,0.0,99.23,3996.0,0,6.7,0,4,3,2014
2014-03-15,344.0,0.0,99.23,5025.0,0,8.3,1,5,3,2014
2014-03-16,464.0,0.0,99.23,5553.0,0,16.8,0,6,3,2014
2014-03-17,170.0,0.0,98.43,3965.0,0,18.2,0,0,3,2014
2014-03-18,121.0,0.0,100.08,3644.0,0,3.9,0,1,3,2014
2014-03-19,197.0,0.0,100.71,4133.0,0,2.5,0,2,3,2014
2014-03-20,224.0,0.0,99.68,3576.0,0,28.9,0,3,3,2014
2014-03-21,261.0,0.0,99.97,3914.0,0,36.7,0,4,3,2014
2014-03-22,574.0,0.0,99.97,5231.0,0,12.2,0,5,3,2014
2014-03-23,588.0,0.0,99.97,5200.0,0,7.8,0,6,3,2014
2014-03-24,290.0,0.0,100.05,3732.0,0,16.0,0,0,3,2014
2014-03-25,1421.0,0.0,99.66,3637.0,0,17.9,0,1,3,2014
2014-03-26,360.0,0.0,100.61,4051.0,0,10.9,0,2,3,2014
2014-03-27,248.0,0.0,101.25,3527.0,0,4.3,0,3,3,2014
2014-03-28,342.0,0.0,101.73,4056.0,0,6.0,0,4,3,2014
2014-03-29,638.0,0.0,101.73,5444.0,0,6.6,0,5,3,2014
2014-03-30,823.0,0.0,101.73,5201.0,0,14.7,0,6,3,2014
2014-03-31,503.0,0.0,101.57,4121.0,0,5.0,1,0,3,2014
2014-04-01,503.0,0.0,99.69,4158.0,0,0.7,0,1,4,2014
2014-04-02,477.0,0.0,99.6,4366.0,0,1.2,0,2,4,2014
2014-04-03,324.0,0.0,100.29,3763.0,0,8.6,0,3,4,2014
2014-04-04,407.0,0.0,101.16,4381.0,0,13.4,0,4,4,2014
2014-04-05,642.0,0.0,101.16,5529.0,0,1.5,0,5,4,2014
2014-04-06,963.0,0.0,101.16,5571.0,0,1.8,0,6,4,2014
2014-04-07,489.0,0.0,100.43,4025.0,0,3.0,0,0,4,2014
2014-04-08,327.0,0.0,102.57,3868.0,0,2.4,0,1,4,2014
2014-04-09,363.0,0.0,103.55,4315.0,0,3.1,0,2,4,2014
2014-04-10,293.0,0.0,103.37,3859.0,0,9.3,0,3,4,2014
2014-04-11,352.0,0.0,103.68,4231.0,0,2.9,0,4,4,2014
2014-04-12,791.0,0.0,103.68,5395.0,0,8.4,0,5,4,2014
2014-04-13,909.0,0.0,103.68,5380.0,0,3.7,0,6,4,2014
2014-04-14,424.0,0.0,104.05,4009.0,0,6.5,0,0,4,2014
2014-04-15,341.0,0.0,103.7,3837.0,0,8.2,1,1,4,2014
2014-04-16,456.0,0.0,103.71,4476.0,0,10.2,0,2,4,2014
2014-04-17,318.0,0.0,104.33,4282.0,0,5.2,0,3,4,2014
2014-04-18,485.0,0.0,104.33,4638.0,1,8.0,0,4,4,2014
2014-04-19,641.0,0.0,104.33,4991.0,0,9.6,0,5,4,2014
2014-04-20,555.0,0.0,104.33,4969.0,0,7.3,0,6,4,2014
2014-04-21,241.0,0.0,104.35,3984.0,0,3.6,0,0,4,2014
2014-04-22,1689.0,0.0,101.69,3822.0,0,6.7,0,1,4,2014
2014-04-23,198.0,0.0,101.47,4237.0,0,12.3,0,2,4,2014
2014-04-24,140.0,0.0,102.2,3793.0,0,8.1,0,3,4,2014
2014-04-25,242.0,0.0,100.85,4084.0,0,7.3,0,4,4,2014
2014-04-26,601.0,0.0,100.85,5148.0,0,12.8,0,5,4,2014
2014-04-27,718.0,0.0,100.85,5293.0,0,11.2,0,6,4,2014
2014-04-28,334.0,0.0,101.13,3903.0,0,14.5,0,0,4,2014
2014-04-29,272.0,0.0,101.56,3607.0,0,10.0,0,1,4,2014
2014-04-30,345.0,0.0,100.07,4165.0,0,13.4,1,2,4,2014
2014-05-01,867.0,0.0,99.69,5143.0,1,13.3,0,3,5,2014
2014-05-02,485.0,0.0,100.09,4403.0,0,20.0,0,4,5,2014
2014-05-03,802.0,0.0,100.09,5422.0,0,11.2,0,5,5,2014
2014-05-04,1062.0,0.0,100.09,5324.0,0,17.2,0,6,5,2014
2014-05-05,557.0,0.0,99.74,3882.0,0,8.2,0,0,5,2014
2014-05-06,457.0,0.0,99.81,3683.0,0,12.7,0,1,5,2014
2014-05-07,535.0,0.0,101.06,4482.0,0,11.1,0,2,5,2014
2014-05-08,310.0,0.0,100.52,3769.0,0,15.0,0,3,5,2014
2014-05-09,432.0,0.0,100.32,4657.0,0,9.9,0,4,5,2014
2014-05-10,776.0,0.0,100.32,6280.0,1,9.7,0,5,5,2014
2014-05-11,693.0,0.0,100.32,4421.0,1,11.2,0,6,5,2014
2014-05-12,504.0,0.0,100.89,3789.0,0,11.4,0,0,5,2014
2014-05-13,408.0,0.0,102.01,3768.0,0,6.6,0,1,5,2014
2014-05-14,370.0,0.0,102.63,4128.0,0,8.7,0,2,5,2014
2014-05-15,1774.0,0.0,101.74,3733.0,0,8.7,1,3,5,2014
2014-05-16,476.0,0.0,102.31,4281.0,0,8.8,0,4,5,2014
2014-05-17,787.0,0.0,102.31,5106.0,0,10.4,0,5,5,2014
2014-05-18,967.0,0.0,102.31,5262.0,0,3.4,0,6,5,2014
2014-05-19,441.0,0.0,102.95,3880.0,0,1.9,0,0,5,2014
2014-05-20,376.0,0.0,102.8,3563.0,0,10.9,0,1,5,2014
2014-05-21,361.0,0.0,104.31,4091.0,0,11.6,0,2,5,2014
2014-05-22,328.0,0.0,104.03,3769.0,0,5.8,0,3,5,2014
2014-05-23,310.0,0.0,105.01,4181.0,0,9.2,0,4,5,2014
2014-05-24,650.0,0.0,105.01,5119.0,1,3.5,0,5,5,2014
2014-05-25,749.0,0.0,105.01,5182.0,0,5.1,0,6,5,2014
2014-05-26,425.0,0.0,105.01,3960.0,0,5.0,0,0,5,2014
2014-05-27,331.0,0.0,104.78,3769.0,0,4.9,0,1,5,2014
2014-05-28,348.0,0.0,103.37,4250.0,0,9.2,0,2,5,2014
2014-05-29,227.0,0.0,104.26,3804.0,0,9.9,0,3,5,2014
2014-05-30,343.0,0.0,103.4,4365.0,0,4.4,0,4,5,2014
2014-05-31,687.0,0.0,103.4,5269.0,0,2.6,1,5,5,2014
2014-06-01,1084.0,0.0,103.4,6008.0,0,3.8,0,6,6,2014
2014-06-02,612.0,0.0,103.07,4244.0,0,18.0,0,0,6,2014
2014-06-03,499.0,0.0,103.34,3928.0,0,26.9,0,1,6,2014
2014-06-04,535.0,0.0,103.27,4301.0,0,6.6,0,2,6,2014
2014-06-05,336.0,0.0,103.17,3793.0,0,5.1,0,3,6,2014
2014-06-06,397.0,0.0,103.32,4322.0,0,3.7,0,4,6,2014
2014-06-07,758.0,0.0,103.32,5302.0,0,12.5,0,5,6,2014
2014-06-08,820.0,0.0,103.32,4733.0,0,3.6,0,6,6,2014
2014-06-09,494.0,0.0,105.09,4012.0,0,1.9,0,0,6,2014
2014-06-10,328.0,0.0,105.02,3617.0,0,0.5,0,1,6,2014
2014-06-11,458.0,0.0,105.04,4232.0,0,1.8,0,2,6,2014
2014-06-12,264.0,0.0,107.2,3819.0,1,3.7,0,3,6,2014
2014-06-13,355.0,0.0,107.49,4584.0,0,1.6,0,4,6,2014
2014-06-14,759.0,0.0,107.49,6236.0,0,5.6,0,5,6,2014
2014-06-15,423.0,0.0,107.49,3720.0,1,4.1,1,6,6,2014
2014-06-16,516.0,0.0,107.52,4064.0,0,0.0,0,0,6,2014
2014-06-17,352.0,0.0,106.95,3798.0,0,0.1,0,1,6,2014
2014-06-18,408.0,0.0,106.64,4044.0,0,2.5,0,2,6,2014
2014-06-19,324.0,0.0,107.08,3724.0,0,0.0,0,3,6,2014
2014-06-20,265.0,0.0,107.95,3774.0,1,3.4,0,4,6,2014
2014-06-21,723.0,0.0,107.95,5050.0,0,2.7,0,5,6,2014
2014-06-22,829.0,0.0,107.95,4823.0,0,2.5,0,6,6,2014
2014-06-23,1998.0,0.0,106.83,3789.0,0,4.2,0,0,6,2014
2014-06-24,388.0,0.0,106.64,3631.0,0,25.6,0,1,6,2014
2014-06-25,295.0,0.0,107.04,3750.0,1,13.3,0,2,6,2014
2014-06-26,275.0,0.0,106.49,3594.0,0,5.2,0,3,6,2014
2014-06-27,357.0,0.0,106.46,4047.0,0,4.9,0,4,6,2014
2014-06-28,653.0,0.0,106.46,4503.0,1,0.2,0,5,6,2014
2014-06-29,844.0,0.0,106.46,4563.0,1,1.7,0,6,6,2014
2014-06-30,437.0,0.0,106.07,3909.0,1,3.1,1,0,6,2014
2014-07-01,506.0,0.0,106.06,3943.0,1,7.6,0,1,7,2014
2014-07-02,573.0,0.0,105.18,4494.0,0,1.3,0,2,7,2014
2014-07-03,430.0,0.0,104.76,3849.0,0,1.7,0,3,7,2014
2014-07-04,438.0,0.0,104.76,4111.0,1,2.4,0,4,7,2014
2014-07-05,884.0,0.0,104.76,4674.0,1,1.6,0,5,7,2014
2014-07-06,1102.0,0.0,104.76,5092.0,0,3.5,0,6,7,2014
2014-07-07,510.0,0.0,104.19,4013.0,0,5.2,0,0,7,2014
2014-07-08,389.0,0.0,104.06,3643.0,1,1.0,0,1,7,2014
2014-07-09,460.0,0.0,102.93,4083.0,1,0.3,0,2,7,2014
2014-07-10,341.0,0.0,103.61,3780.0,0,3.7,0,3,7,2014
2014-07-11,434.0,0.0,101.48,4250.0,0,2.6,0,4,7,2014
2014-07-12,722.0,0.0,101.48,4816.0,1,1.7,0,5,7,2014
2014-07-13,705.0,0.0,101.48,4179.0,1,0.7,0,6,7,2014
2014-07-14,517.0,0.0,101.73,4003.0,0,0.9,0,0,7,2014
2014-07-15,463.0,0.0,100.56,3812.0,0,0.3,1,1,7,2014
2014-07-16,564.0,0.0,101.88,4195.0,0,0.2,0,2,7,2014
2014-07-17,416.0,1.0,103.84,3714.0,0,0.3,0,3,7,2014
2014-07-18,405.0,0.0,103.83,4160.0,0,0.1,0,4,7,2014
2014-07-19,790.0,0.0,103.83,4838.0,0,0.1,0,5,7,2014
2014-07-20,842.0,0.0,103.83,4433.0,0,1.8,0,6,7,2014
2014-07-21,508.0,1.0,105.34,3940.0,0,1.4,0,0,7,2014
2014-07-22,468.0,0.0,104.59,3797.0,0,1.4,0,1,7,2014
2014-07-23,461.0,0.0,103.81,4225.0,0,0.6,0,2,7,2014
2014-07-24,395.0,1.0,102.76,3756.0,0,0.0,0,3,7,2014
2014-07-25,2019.0,0.0,105.23,4140.0,0,0.8,0,4,7,2014
2014-07-26,713.0,1.0,105.23,4746.0,0,1.8,0,5,7,2014
2014-07-27,794.0,1.0,105.23,4526.0,0,1.9,0,6,7,2014
2014-07-28,471.0,0.0,105.68,3830.0,0,1.1,0,0,7,2014
2014-07-29,384.0,1.0,104.91,3758.0,0,0.3,0,1,7,2014
2014-07-30,408.0,1.0,104.29,4128.0,0,2.6,0,2,7,2014
2014-07-31,454.0,0.0,98.23,3836.0,0,1.6,1,3,7,2014
2014-08-01,582.0,0.0,97.86,4493.0,0,2.0,0,4,8,2014
2014-08-02,999.0,0.0,97.86,5006.0,0,2.2,0,5,8,2014
2014-08-03,1032.0,1.0,97.86,4931.0,0,2.4,0,6,8,2014
2014-08-04,617.0,1.0,98.26,4272.0,0,3.6,0,0,8,2014
2014-08-05,485.0,0.0,97.34,3871.0,0,3.8,0,1,8,2014
2014-08-06,489.0,1.0,96.93,4347.0,0,5.1,0,2,8,2014
2014-08-07,357.0,0.0,97.34,3844.0,0,1.6,0,3,8,2014
2014-08-08,419.0,0.0,97.61,4377.0,0,3.8,0,4,8,2014
2014-08-09,692.0,1.0,97.61,4715.0,0,3.2,0,5,8,2014
2014-08-10,760.0,0.0,97.61,4738.0,1,6.8,0,6,8,2014
2014-08-11,481.0,1.0,98.09,4383.0,0,2.4,0,0,8,2014
2014-08-12,473.0,1.0,97.36,3927.0,0,2.1,0,1,8,2014
2014-08-13,475.0,0.0,97.57,4503.0,0,0.8,0,2,8,2014
2014-08-14,405.0,0.0,95.54,4221.0,0,1.6,0,3,8,2014
2014-08-15,441.0,0.0,97.3,4858.0,0,2.3,1,4,8,2014
2014-08-16,834.0,0.0,97.3,5378.0,0,1.1,0,5,8,2014
2014-08-17,990.0,0.0,97.3,5398.0,0,0.2,0,6,8,2014
2014-08-18,596.0,0.0,96.44,4382.0,0,2.4,0,0,8,2014
2014-08-19,510.0,0.0,94.35,4189.0,0,1.3,0,1,8,2014
2014-08-20,489.0,0.0,96.4,4694.0,0,1.2,0,2,8,2014
2014-08-21,451.0,0.0,93.97,4291.0,0,4.2,0,3,8,2014
2014-08-22,458.0,1.0,93.61,4698.0,0,6.2,0,4,8,2014
2014-08-23,847.0,0.0,93.61,5472.0,0,10.5,0,5,8,2014
2014-08-24,952.0,0.0,93.61,5375.0,0,3.2,0,6,8,2014
2014-08-25,1717.0,0.0,95.39,4271.0,0,6.0,0,0,8,2014
2014-08-26,412.0,0.0,95.78,4197.0,0,4.3,0,1,8,2014
2014-08-27,548.0,1.0,95.82,4645.0,0,7.3,0,2,8,2014
2014-08-28,441.0,1.0,96.44,4327.0,0,11.2,0,3,8,2014
2014-08-29,550.0,1.0,97.86,4902.0,0,3.1,0,4,8,2014
2014-08-30,938.0,1.0,97.86,5795.0,0,0.5,0,5,8,2014
2014-08-31,1163.0,0.0,97.86,5945.0,0,1.1,1,6,8,2014
2014-09-01,769.0,1.0,97.86,5006.0,0,3.6,0,0,9,2014
2014-09-02,632.0,1.0,92.92,4521.0,0,3.4,0,1,9,2014
2014-09-03,691.0,1.0,95.5,4985.0,0,6.7,0,2,9,2014
2014-09-04,449.0,1.0,94.51,4283.0,0,4.8,0,3,9,2014
2014-09-05,499.0,1.0,93.32,4571.0,0,1.1,0,4,9,2014
2014-09-06,1037.0,1.0,93.32,5847.0,0,1.4,0,5,9,2014
2014-09-07,1287.0,1.0,93.32,6099.0,0,0.0,0,6,9,2014
2014-09-08,603.0,1.0,92.64,4415.0,0,0.2,0,0,9,2014
2014-09-09,450.0,1.0,92.73,4087.0,0,2.8,0,1,9,2014
2014-09-10,530.0,1.0,91.71,4546.0,0,6.2,0,2,9,2014
2014-09-11,356.0,1.0,92.89,3946.0,0,12.6,0,3,9,2014
2014-09-12,480.0,1.0,92.18,4567.0,0,7.5,0,4,9,2014
2014-09-13,828.0,1.0,92.18,5674.0,0,9.4,0,5,9,2014
2014-09-14,1005.0,1.0,92.18,5634.0,0,4.9,0,6,9,2014
2014-09-15,567.0,1.0,92.86,4273.0,0,5.7,1,0,9,2014
2014-09-16,556.0,1.0,94.91,4125.0,0,2.4,0,1,9,2014
2014-09-17,524.0,1.0,94.33,4545.0,0,7.4,0,2,9,2014
2014-09-18,343.0,0.0,93.07,3820.0,0,13.2,0,3,9,2014
2014-09-19,396.0,1.0,92.43,4057.0,0,9.0,0,4,9,2014
2014-09-20,882.0,1.0,92.43,5529.0,0,10.9,0,5,9,2014
2014-09-21,950.0,1.0,92.43,5410.0,0,13.0,0,6,9,2014
2014-09-22,451.0,1.0,91.46,3983.0,0,10.6,0,0,9,2014
2014-09-23,491.0,1.0,91.55,4054.0,0,14.4,0,1,9,2014
2014-09-24,481.0,0.0,93.6,4637.0,0,2.3,0,2,9,2014
2014-09-25,365.0,1.0,93.59,4064.0,0,7.1,0,3,9,2014
2014-09-26,422.0,2.0,95.55,4072.0,0,2.7,0,4,9,2014
2014-09-27,891.0,2.0,95.55,5556.0,0,2.4,0,5,9,2014
2014-09-28,1093.0,4.0,95.55,5631.0,0,2.2,0,6,9,2014
2014-09-29,472.0,1.0,94.53,4107.0,0,2.3,0,0,9,2014
2014-09-30,466.0,4.0,91.17,3988.0,0,3.5,1,1,9,2014
2014-10-01,737.0,3.0,90.74,4787.0,0,3.1,0,2,10,2014
2014-10-02,603.0,2.0,91.02,4115.0,0,1.1,0,3,10,2014
2014-10-03,565.0,3.0,89.76,4717.0,0,3.8,0,4,10,2014
2014-10-04,1117.0,2.0,89.76,5760.0,0,11.8,0,5,10,2014
2014-10-05,1330.0,3.0,89.76,5617.0,0,2.0,0,6,10,2014
2014-10-06,486.0,1.0,90.33,3870.0,0,7.5,0,0,10,2014
2014-10-07,492.0,2.0,88.89,4120.0,0,10.2,0,1,10,2014
2014-10-08,480.0,3.0,87.29,4203.0,0,11.5,0,2,10,2014
2014-10-09,352.0,2.0,85.76,3875.0,0,13.1,0,3,10,2014
2014-10-10,733.0,1.0,85.87,4984.0,1,12.4,0,4,10,2014
2014-10-11,789.0,2.0,85.87,5169.0,0,17.7,0,5,10,2014
2014-10-12,897.0,2.0,85.87,5033.0,0,12.3,0,6,10,2014
2014-10-13,445.0,0.0,85.73,4024.0,0,7.6,0,0,10,2014
2014-10-14,393.0,1.0,81.72,3838.0,0,2.2,0,1,10,2014
2014-10-15,467.0,1.0,81.82,4465.0,0,3.1,1,2,10,2014
2014-10-16,449.0,1.0,82.33,4017.0,0,3.2,0,3,10,2014
2014-10-17,504.0,2.0,82.8,4329.0,0,11.0,0,4,10,2014
2014-10-18,852.0,0.0,82.8,5523.0,0,37.7,0,5,10,2014
2014-10-19,895.0,1.0,82.8,5211.0,0,15.3,0,6,10,2014
2014-10-20,490.0,2.0,82.76,4119.0,0,12.0,0,0,10,2014
2014-10-21,413.0,2.0,83.25,3817.0,0,9.9,0,1,10,2014
2014-10-22,461.0,1.0,80.52,4338.0,0,13.3,0,2,10,2014
2014-10-23,334.0,1.0,82.81,3679.0,0,8.5,0,3,10,2014
2014-10-24,336.0,3.0,81.27,4098.0,0,13.2,0,4,10,2014
2014-10-25,722.0,2.0,81.27,5177.0,0,7.1,0,5,10,2014
2014-10-26,887.0,2.0,81.27,5149.0,0,7.1,0,6,10,2014
2014-10-27,397.0,2.0,81.26,3754.0,0,7.3,0,0,10,2014
2014-10-28,320.0,1.0,81.36,3765.0,0,11.8,0,1,10,2014
2014-10-29,330.0,2.0,82.25,4256.0,0,5.3,0,2,10,2014
2014-10-30,279.0,0.0,81.06,3795.0,0,2.4,0,3,10,2014
2014-10-31,361.0,0.0,80.53,4139.0,0,2.5,1,4,10,2014
2014-11-01,860.0,0.0,80.53,4843.0,0,1.5,0,5,11,2014
2014-11-02,767.0,0.0,80.53,4344.0,1,11.6,0,6,11,2014
2014-11-03,1069.0,0.0,78.77,4974.0,1,11.4,0,0,11,2014
2014-11-04,485.0,0.0,77.15,3745.0,0,14.0,0,1,11,2014
2014-11-05,552.0,0.0,78.71,4018.0,0,14.4,0,2,11,2014
2014-11-06,471.0,0.0,77.87,3724.0,0,4.4,0,3,11,2014
2014-11-07,435.0,0.0,78.71,4194.0,0,1.8,0,4,11,2014
2014-11-08,732.0,0.0,78.71,5297.0,0,2.7,0,5,11,2014
2014-11-09,980.0,0.0,78.71,5006.0,0,13.6,0,6,11,2014
2014-11-10,418.0,0.0,77.43,3654.0,0,19.2,0,0,11,2014
2014-11-11,360.0,0.0,77.85,3740.0,0,24.3,0,1,11,2014
2014-11-12,423.0,0.0,77.16,4300.0,0,4.6,0,2,11,2014
2014-11-13,328.0,0.0,74.13,3714.0,0,1.2,0,3,11,2014
2014-11-14,388.0,0.0,75.91,4114.0,0,0.8,0,4,11,2014
2014-11-15,727.0,1.0,75.91,5190.0,0,4.5,1,5,11,2014
2014-11-16,930.0,0.0,75.91,5023.0,0,2.6,0,6,11,2014
2014-11-17,442.0,0.0,75.64,3987.0,0,2.0,0,0,11,2014
2014-11-18,406.0,1.0,74.55,3907.0,0,9.1,0,1,11,2014
2014-11-19,400.0,0.0,74.55,4062.0,0,8.2,0,2,11,2014
2014-11-20,306.0,0.0,75.63,3804.0,0,6.8,0,3,11,2014
2014-11-21,369.0,2.0,76.52,4344.0,0,7.5,0,4,11,2014
2014-11-22,741.0,2.0,76.52,5225.0,0,8.2,0,5,11,2014
2014-11-23,869.0,0.0,76.52,5215.0,0,12.3,0,6,11,2014
2014-11-24,432.0,1.0,75.74,3974.0,0,5.1,0,0,11,2014
2014-11-25,361.0,2.0,74.04,3851.0,0,5.4,0,1,11,2014
2014-11-26,380.0,1.0,73.7,4431.0,0,10.1,0,2,11,2014
2014-11-27,333.0,0.0,73.7,3916.0,0,5.2,0,3,11,2014
2014-11-28,361.0,0.0,65.94,4291.0,1,2.5,0,4,11,2014
2014-11-29,874.0,2.0,65.94,5461.0,0,1.8,0,5,11,2014
2014-11-30,1114.0,2.0,65.94,5872.0,0,7.9,1,6,11,2014
2014-12-01,718.0,1.0,68.98,4682.0,1,9.3,0,0,12,2014
2014-12-02,655.0,2.0,66.99,4411.0,0,0.9,0,1,12,2014
2014-12-03,497.0,0.0,67.3,4521.0,0,1.8,0,2,12,2014
2014-12-04,471.0,1.0,66.73,4413.0,0,12.5,0,3,12,2014
2014-12-05,402.0,2.0,65.89,4649.0,0,26.1,0,4,12,2014
2014-12-06,879.0,2.0,65.89,5178.0,0,8.8,0,5,12,2014
2014-12-07,1026.0,2.0,65.89,5452.0,0,9.5,0,6,12,2014
2014-12-08,617.0,0.0,63.13,4834.0,0,5.8,0,0,12,2014
2014-12-09,508.0,0.0,63.74,4530.0,0,24.3,0,1,12,2014
2014-12-10,452.0,0.0,60.99,4969.0,0,9.1,0,2,12,2014
2014-12-11,421.0,2.0,60.01,4934.0,0,4.4,0,3,12,2014
2014-12-12,465.0,2.0,57.81,4969.0,0,9.7,0,4,12,2014
2014-12-13,924.0,2.0,57.81,6279.0,0,5.8,0,5,12,2014
2014-12-14,1062.0,2.0,57.81,5797.0,0,0.3,0,6,12,2014
2014-12-15,550.0,0.0,55.96,5268.0,0,0.1,1,0,12,2014
2014-12-16,522.0,0.0,55.97,5343.0,0,1.1,0,1,12,2014
2014-12-17,647.0,1.0,56.43,5958.0,0,19.0,0,2,12,2014
2014-12-18,464.0,1.0,54.18,5899.0,0,10.5,0,3,12,2014
2014-12-19,395.0,1.0,56.91,5951.0,0,8.4,0,4,12,2014
2014-12-20,783.0,1.0,56.91,7045.0,1,14.6,0,5,12,2014
2014-12-21,1033.0,2.0,56.91,7205.0,1,12.4,0,6,12,2014
2014-12-22,483.0,1.0,55.25,7524.0,1,2.2,0,0,12,2014
2014-12-23,515.0,2.0,56.78,8120.0,1,1.1,0,1,12,2014
2014-12-24,395.0,0.0,55.7,7689.0,1,3.3,0,2,12,2014
2014-12-25,0.0,0.0,55.7,0.0,1,3.3,0,3,12,2014
2014-12-26,806.0,2.0,54.59,5693.0,1,2.6,0,4,12,2014
2014-12-27,753.0,2.0,54.59,4813.0,0,12.2,0,5,12,2014
2014-12-28,806.0,2.0,54.59,4721.0,0,6.4,0,6,12,2014
2014-12-29,578.0,2.0,53.46,4868.0,0,4.7,0,0,12,2014
2014-12-30,570.0,0.0,54.14,5745.0,0,4.5,0,1,12,2014
2014-12-31,370.0,2.0,53.45,5524.0,1,5.7,1,2,12,2014
2015-01-01,0.0,0.0,53.45,4246.202702702703,1,1.4,0,3,1,2015
2015-01-02,933.0,2.0,52.72,4621.0,1,1.0,0,4,1,2015
2015-01-03,914.0,2.0,52.72,4364.0,0,1.6,0,5,1,2015
2015-01-04,1297.0,2.0,52.72,5061.0,0,3.1,0,6,1,2015
2015-01-05,820.0,1.0,50.05,4475.0,0,1.7,0,0,1,2015
2015-01-06,613.0,1.0,47.98,3912.0,0,0.8,0,1,1,2015
2015-01-07,680.0,2.0,48.69,4674.0,0,2.6,0,2,1,2015
2015-01-08,471.0,0.0,48.8,4086.0,0,3.1,0,3,1,2015
2015-01-09,482.0,2.0,48.35,4242.0,0,4.2,0,4,1,2015
2015-01-10,837.0,2.0,48.35,5235.0,1,3.0,0,5,1,2015
2015-01-11,1274.0,0.0,48.35,5434.0,0,0.7,0,6,1,2015
2015-01-12,583.0,1.0,46.06,3980.0,0,2.7,0,0,1,2015
2015-01-13,478.0,1.0,45.92,3885.0,0,6.2,0,1,1,2015
2015-01-14,522.0,1.0,48.49,4403.0,0,2.8,0,2,1,2015
2015-01-15,372.0,0.0,46.37,3761.0,0,11.9,1,3,1,2015
2015-01-16,472.0,0.0,48.49,3879.0,0,15.8,0,4,1,2015
2015-01-17,950.0,0.0,48.49,5412.0,0,13.3,0,5,1,2015
2015-01-18,1137.0,0.0,48.49,5078.0,0,11.9,0,6,1,2015
2015-01-19,537.0,0.0,48.49,3960.0,0,13.6,0,0,1,2015
2015-01-20,475.0,0.0,46.79,3639.0,0,17.4,0,1,1,2015
2015-01-21,485.0,0.0,47.85,4201.0,0,32.3,0,2,1,2015
2015-01-22,352.0,0.0,45.93,3767.0,0,29.1,0,3,1,2015
2015-01-23,404.0,0.0,45.26,4074.0,0,15.9,0,4,1,2015
2015-01-24,896.0,0.0,45.26,5330.0,0,8.2,0,5,1,2015
2015-01-25,1050.0,0.0,45.26,5047.0,0,6.0,0,6,1,2015
2015-01-26,423.0,0.0,44.8,3792.0,0,10.2,0,0,1,2015
2015-01-27,375.0,0.0,45.84,3522.0,0,17.1,0,1,1,2015
2015-01-28,448.0,0.0,44.08,4082.0,0,2.9,0,2,1,2015
2015-01-29,343.0,0.0,44.12,3483.0,0,3.0,0,3,1,2015
2015-01-30,443.0,0.0,47.79,4138.0,0,10.5,0,4,1,2015
2015-01-31,1116.0,0.0,47.79,5082.0,0,16.9,1,5,1,2015
2015-02-01,1478.0,0.0,47.79,5303.0,0,2.8,0,6,2,2015
2015-02-02,615.0,0.0,49.25,3927.0,0,2.7,0,0,2,2015
2015-02-03,583.0,0.0,53.04,3805.0,0,1.4,0,1,2,2015
2015-02-04,576.0,0.0,48.45,4275.0,0,2.1,0,2,2,2015
2015-02-05,463.0,0.0,50.48,3761.0,0,9.6,0,3,2,2015
2015-02-06,447.0,0.0,51.66,4044.0,0,18.3,0,4,2,2015
2015-02-07,944.0,0.0,51.66,5119.0,0,10.2,0,5,2,2015
2015-02-08,1037.0,0.0,51.66,4866.0,0,5.8,0,6,2,2015
2015-02-09,496.0,0.0,52.99,3981.0,0,8.0,0,0,2,2015
2015-02-10,454.0,0.0,50.06,3681.0,0,4.9,0,1,2,2015
2015-02-11,469.0,0.0,48.8,4176.0,0,1.6,0,2,2,2015
2015-02-12,353.0,0.0,51.17,3927.0,0,2.7,0,3,2,2015
2015-02-13,402.0,0.0,52.66,4812.0,0,2.6,0,4,2,2015
2015-02-14,545.0,0.0,52.66,4494.0,0,3.5,0,5,2,2015
2015-02-15,549.0,0.0,52.66,3598.0,0,9.1,1,6,2,2015
2015-02-16,636.0,0.0,52.66,3696.0,1,2.1,0,0,2,2015
2015-02-17,774.0,0.0,53.56,4372.0,1,4.8,0,1,2,2015
2015-02-18,506.0,0.0,52.13,4123.0,0,5.0,0,2,2,2015
2015-02-19,390.0,0.0,51.12,3416.0,0,6.4,0,3,2,2015
2015-02-20,458.0,0.0,49.95,4072.0,0,0.4,0,4,2,2015
2015-02-21,655.0,0.0,49.95,4925.0,0,0.2,0,5,2,2015
2015-02-22,939.0,0.0,49.95,4957.0,0,2.6,0,6,2,2015
2015-02-23,355.0,0.0,49.56,3446.0,0,8.1,0,0,2,2015
2015-02-24,435.0,0.0,48.48,3779.0,0,12.0,0,1,2,2015
2015-02-25,513.0,0.0,50.25,4066.0,0,4.2,0,2,2,2015
2015-02-26,313.0,0.0,47.65,3548.0,0,7.2,0,3,2,2015
2015-02-27,425.0,0.0,49.84,3960.0,0,6.9,0,4,2,2015
2015-02-28,862.0,0.0,49.84,5086.0,0,4.7,1,5,2,2015
2015-03-01,1419.0,0.0,49.84,5454.0,0,8.7,0,6,3,2015
2015-03-02,612.0,0.0,49.59,3864.0,0,14.0,0,0,3,2015
2015-03-03,554.0,0.0,50.43,3838.0,0,20.1,0,1,3,2015
2015-03-04,605.0,0.0,51.53,4278.0,0,14.8,0,2,3,2015
2015-03-05,416.0,0.0,50.76,3865.0,0,8.0,0,3,3,2015
2015-03-06,427.0,0.0,49.61,4269.0,0,9.7,0,4,3,2015
2015-03-07,877.0,0.0,49.61,5478.0,0,2.9,0,5,3,2015
2015-03-08,1088.0,0.0,49.61,5213.0,0,1.5,0,6,3,2015
2015-03-09,651.0,0.0,49.95,4233.0,0,1.0,0,0,3,2015
2015-03-10,723.0,0.0,48.42,4499.0,0,2.7,0,1,3,2015
2015-03-11,685.0,0.0,48.06,4439.0,0,3.1,0,2,3,2015
2015-03-12,435.0,0.0,47.12,3877.0,0,27.7,0,3,3,2015
2015-03-13,459.0,0.0,44.88,4237.0,0,11.5,0,4,3,2015
2015-03-14,889.0,0.0,44.88,5344.0,0,19.7,0,5,3,2015
2015-03-15,1205.0,0.0,44.88,5270.0,0,18.3,1,6,3,2015
2015-03-16,538.0,0.0,43.93,3948.0,0,17.2,0,0,3,2015
2015-03-17,411.0,0.0,43.39,3630.0,0,13.8,0,1,3,2015
2015-03-18,391.0,0.0,44.63,4037.0,0,20.9,0,2,3,2015
2015-03-19,342.0,0.0,44.02,3497.0,0,9.7,0,3,3,2015
2015-03-20,407.0,0.0,46.0,4176.0,0,28.0,0,4,3,2015
2015-03-21,747.0,0.0,46.0,5264.0,0,2.8,0,5,3,2015
2015-03-22,848.0,0.0,46.0,5204.0,0,1.1,0,6,3,2015
2015-03-23,414.0,0.0,47.4,3806.0,0,6.3,0,0,3,2015
2015-03-24,370.0,0.0,47.03,3832.0,0,8.3,0,1,3,2015
2015-03-25,438.0,0.0,48.75,4172.0,0,9.5,0,2,3,2015
2015-03-26,252.0,1.0,51.41,3561.0,0,13.5,0,3,3,2015
2015-03-27,320.0,4.0,48.83,4146.0,0,1.9,0,4,3,2015
2015-03-28,646.0,3.0,48.83,5087.0,0,12.8,0,5,3,2015
2015-03-29,735.0,3.0,48.83,4935.0,0,16.0,0,6,3,2015
2015-03-30,375.0,2.0,48.66,3701.0,0,15.8,0,0,3,2015
2015-03-31,382.0,0.0,47.72,3787.0,0,11.0,1,1,3,2015
2015-04-01,536.0,2.0,50.12,4538.0,0,11.4,0,2,4,2015
2015-04-02,503.0,3.0,49.13,4349.0,0,10.9,0,3,4,2015
2015-04-03,649.0,5.0,49.13,4464.0,1,2.9,0,4,4,2015
2015-04-04,792.0,4.0,49.13,4955.0,0,11.2,0,5,4,2015
2015-04-05,920.0,4.0,49.13,4904.0,0,16.1,0,6,4,2015
2015-04-06,566.0,4.0,52.08,4053.0,0,3.1,0,0,4,2015
2015-04-07,386.0,6.0,53.95,3824.0,0,1.0,0,1,4,2015
2015-04-08,482.0,3.0,50.44,4096.0,0,8.2,0,2,4,2015
2015-04-09,288.0,2.0,50.79,3702.0,0,7.7,0,3,4,2015
2015-04-10,382.0,4.0,51.63,4198.0,0,6.5,0,4,4,2015
2015-04-11,668.0,4.0,51.63,5083.0,0,6.6,0,5,4,2015
2015-04-12,862.0,5.0,51.63,5192.0,0,5.6,0,6,4,2015
2015-04-13,453.0,4.0,51.95,3818.0,0,7.5,0,0,4,2015
2015-04-14,393.0,3.0,53.3,3432.0,0,9.0,0,1,4,2015
2015-04-15,494.0,3.0,56.25,4192.0,0,10.9,1,2,4,2015
2015-04-16,377.0,4.0,56.69,3611.0,0,15.1,0,3,4,2015
2015-04-17,486.0,5.0,55.71,4191.0,0,8.9,0,4,4,2015
2015-04-18,859.0,6.0,55.71,5393.0,0,5.6,0,5,4,2015
2015-04-19,975.0,7.0,55.71,5228.0,0,9.1,0,6,4,2015
2015-04-20,445.0,5.0,56.37,3860.0,0,14.3,0,0,4,2015
2015-04-21,348.0,5.0,55.58,3685.0,0,11.8,0,1,4,2015
2015-04-22,379.0,5.0,56.17,4178.0,0,2.6,0,2,4,2015
2015-04-23,357.0,3.0,56.59,3838.0,0,1.5,0,3,4,2015
2015-04-24,359.0,3.0,55.98,4036.0,0,5.1,0,4,4,2015
2015-04-25,720.0,3.0,55.98,5175.0,0,3.5,0,5,4,2015
2015-04-26,837.0,4.0,55.98,5080.0,0,0.5,0,6,4,2015
2015-04-27,372.0,2.0,55.56,3901.0,0,1.6,0,0,4,2015
2015-04-28,355.0,3.0,57.05,3587.0,0,4.8,0,1,4,2015
2015-04-29,324.0,4.0,58.55,4059.0,0,3.6,0,2,4,2015
2015-04-30,346.0,2.0,59.62,4132.0,0,16.3,1,3,4,2015
2015-05-01,794.0,2.0,59.1,5054.0,1,10.0,0,4,5,2015
2015-05-02,964.0,2.0,59.1,5400.0,0,9.9,0,5,5,2015
2015-05-03,1002.0,3.0,59.1,5175.0,0,10.3,0,6,5,2015
2015-05-04,538.0,3.0,58.92,4044.0,0,12.1,0,0,5,2015
2015-05-05,472.0,2.0,60.38,4021.0,0,8.7,0,1,5,2015
2015-05-06,463.0,1.0,60.93,4439.0,0,9.4,0,2,5,2015
2015-05-07,399.0,2.0,58.99,4272.0,0,1.5,0,3,5,2015
2015-05-08,387.0,4.0,59.41,4812.0,0,1.2,0,4,5,2015
2015-05-09,793.0,1.0,59.41,6839.0,1,2.7,0,5,5,2015
2015-05-10,544.0,3.0,59.41,4526.0,1,1.4,0,6,5,2015
2015-05-11,479.0,4.0,59.23,4008.0,0,2.6,0,0,5,2015
2015-05-12,378.0,4.0,60.72,3721.0,0,0.0,0,1,5,2015
2015-05-13,421.0,4.0,60.5,3907.0,0,6.2,0,2,5,2015
2015-05-14,343.0,3.0,59.89,3674.0,0,9.4,0,3,5,2015
2015-05-15,435.0,6.0,59.73,4129.0,0,11.7,1,4,5,2015
2015-05-16,1033.0,6.0,59.73,5466.0,0,3.5,0,5,5,2015
2015-05-17,1177.0,6.0,59.73,5189.0,0,8.2,0,6,5,2015
2015-05-18,552.0,5.0,59.44,3924.0,0,7.0,0,0,5,2015
2015-05-19,441.0,4.0,57.3,3752.0,0,4.2,0,1,5,2015
2015-05-20,525.0,5.0,58.96,4031.0,0,2.5,0,2,5,2015
2015-05-21,353.0,6.0,60.18,3713.0,0,10.7,0,3,5,2015
2015-05-22,419.0,7.0,58.88,4227.0,0,5.7,0,4,5,2015
2015-05-23,861.0,4.0,58.88,4864.0,0,4.3,0,5,5,2015
2015-05-24,992.0,5.0,58.88,4924.0,1,9.1,0,6,5,2015
2015-05-25,540.0,3.0,58.88,3810.0,0,8.4,0,0,5,2015
2015-05-26,422.0,4.0,57.29,3599.0,0,2.3,0,1,5,2015
2015-05-27,435.0,5.0,57.51,4120.0,0,7.6,0,2,5,2015
2015-05-28,334.0,7.0,57.69,3614.0,0,9.8,0,3,5,2015
2015-05-29,428.0,6.0,60.25,4238.0,0,11.6,0,4,5,2015
2015-05-30,1006.0,3.0,60.25,5186.0,0,14.0,0,5,5,2015
2015-05-31,1173.0,7.0,60.25,5434.0,0,3.2,1,6,5,2015
2015-06-01,628.0,6.0,60.24,4340.0,0,0.7,0,0,6,2015
2015-06-02,659.0,6.0,61.3,4031.0,0,1.5,0,1,6,2015
2015-06-03,526.0,3.0,59.67,4260.0,0,3.7,0,2,6,2015
2015-06-04,419.0,2.0,58.0,3754.0,0,1.8,0,3,6,2015
2015-06-05,371.0,2.0,59.11,4268.0,0,0.8,0,4,6,2015
2015-06-06,765.0,4.0,59.11,5035.0,0,3.3,0,5,6,2015
2015-06-07,914.0,3.0,59.11,4717.0,0,13.2,0,6,6,2015
2015-06-08,453.0,1.0,58.15,3758.0,0,16.9,0,0,6,2015
2015-06-09,437.0,1.0,60.15,3841.0,0,9.4,0,1,6,2015
2015-06-10,434.0,3.0,61.36,4089.0,0,5.7,0,2,6,2015
2015-06-11,276.0,1.0,60.74,3393.0,0,1.2,0,3,6,2015
2015-06-12,391.0,1.0,59.96,4206.0,0,2.7,0,4,6,2015
2015-06-13,738.0,1.0,59.96,4959.0,0,9.6,0,5,6,2015
2015-06-14,830.0,3.0,59.96,4913.0,0,11.1,0,6,6,2015
2015-06-15,441.0,3.0,59.53,3757.0,0,1.8,1,0,6,2015
2015-06-16,459.0,2.0,60.01,3826.0,0,0.9,0,1,6,2015
2015-06-17,440.0,2.0,59.89,4219.0,0,4.5,0,2,6,2015
2015-06-18,274.0,1.0,60.41,3730.0,0,0.2,0,3,6,2015
2015-06-19,457.0,3.0,59.62,4585.0,0,0.1,0,4,6,2015
2015-06-20,766.0,2.0,59.62,5857.0,0,0.2,0,5,6,2015
2015-06-21,589.0,3.0,59.62,4483.0,0,2.2,0,6,6,2015
2015-06-22,482.0,4.0,60.01,3970.0,0,0.5,0,0,6,2015
2015-06-23,385.0,4.0,61.05,3818.0,0,0.0,0,1,6,2015
2015-06-24,458.0,3.0,60.01,4222.0,0,0.8,0,2,6,2015
2015-06-25,206.0,0.0,59.59,3387.0,0,0.4,0,3,6,2015
2015-06-26,303.0,0.0,59.41,4025.0,0,0.1,0,4,6,2015
2015-06-27,809.0,1.0,59.41,4944.0,0,0.0,0,5,6,2015
2015-06-28,841.0,1.0,59.41,5182.0,0,0.0,0,6,6,2015
2015-06-29,400.0,1.0,58.34,3736.0,0,2.4,0,0,6,2015
2015-06-30,387.0,1.0,59.48,3706.0,0,3.3,1,1,6,2015
2015-07-01,619.0,1.0,56.94,4450.0,0,1.1,0,2,7,2015
2015-07-02,464.0,0.0,56.93,3945.0,0,0.7,0,3,7,2015
2015-07-03,522.0,0.0,56.93,4727.0,0,0.3,0,4,7,2015
2015-07-04,872.0,0.0,56.93,5243.0,0,2.7,0,5,7,2015
2015-07-05,531.0,0.0,56.93,3952.0,0,10.4,0,6,7,2015
2015-07-06,231.0,0.0,52.48,2968.0,0,9.6,0,0,7,2015
2015-07-07,319.0,0.0,52.33,2510.0,0,17.9,0,1,7,2015
2015-07-08,532.0,0.0,51.61,4560.0,0,3.1,0,2,7,2015
2015-07-09,368.0,0.0,52.76,3858.0,0,1.7,0,3,7,2015
2015-07-10,341.0,0.0,52.74,4299.0,0,2.3,0,4,7,2015
2015-07-11,708.0,0.0,52.74,4979.0,0,8.8,0,5,7,2015
2015-07-12,713.0,0.0,52.74,4669.0,0,4.7,0,6,7,2015
2015-07-13,480.0,0.0,52.19,4067.0,0,8.7,0,0,7,2015
2015-07-14,365.0,0.0,53.05,3680.0,0,7.7,0,1,7,2015
2015-07-15,390.0,0.0,51.4,4219.0,0,3.1,1,2,7,2015
2015-07-16,576.0,0.0,50.9,3842.0,0,3.9,0,3,7,2015
2015-07-17,420.0,0.0,50.88,4428.0,0,3.5,0,4,7,2015
2015-07-18,659.0,0.0,50.88,4895.0,0,2.9,0,5,7,2015
2015-07-19,758.0,0.0,50.88,4882.0,0,12.7,0,6,7,2015
2015-07-20,408.0,0.0,50.11,3882.0,0,12.5,0,0,7,2015
2015-07-21,328.0,0.0,50.59,3703.0,0,2.6,0,1,7,2015
2015-07-22,337.0,0.0,49.27,4216.0,0,9.5,0,2,7,2015
2015-07-23,331.0,0.0,48.11,3597.0,0,2.7,0,3,7,2015
2015-07-24,407.0,0.0,47.98,4239.0,0,0.0,0,4,7,2015
2015-07-25,647.0,0.0,47.98,4701.0,0,0.0,0,5,7,2015
2015-07-26,666.0,0.0,47.98,4399.0,0,1.7,0,6,7,2015
2015-07-27,410.0,0.0,47.17,3801.0,0,3.6,0,0,7,2015
2015-07-28,362.0,0.0,47.97,3601.0,0,2.5,0,1,7,2015
2015-07-29,423.0,0.0,48.77,4050.0,0,5.4,0,2,7,2015
2015-07-30,310.0,0.0,48.53,3646.0,0,2.0,0,3,7,2015
2015-07-31,480.0,0.0,47.11,4393.0,0,1.4,1,4,7,2015
2015-08-01,1014.0,0.0,47.11,5237.0,0,2.6,0,5,8,2015
2015-08-02,1112.0,0.0,47.11,4759.0,0,1.3,0,6,8,2015
2015-08-03,627.0,0.0,45.25,4253.0,0,1.8,0,0,8,2015
2015-08-04,479.0,0.0,45.75,3945.0,0,3.0,0,1,8,2015
2015-08-05,531.0,0.0,45.13,4215.0,0,1.1,0,2,8,2015
2015-08-06,357.0,1.0,44.69,3775.0,0,3.5,0,3,8,2015
2015-08-07,411.0,1.0,43.87,4394.0,0,4.2,0,4,8,2015
2015-08-08,615.0,2.0,43.87,4513.0,0,8.0,0,5,8,2015
2015-08-09,577.0,2.0,43.87,3843.0,0,9.6,0,6,8,2015
2015-08-10,681.0,1.0,44.94,4586.0,1,1.3,0,0,8,2015
2015-08-11,446.0,2.0,43.11,3984.0,0,2.0,0,1,8,2015
2015-08-12,438.0,2.0,43.22,4259.0,0,1.2,0,2,8,2015
2015-08-13,328.0,2.0,42.27,3398.0,0,2.3,0,3,8,2015
2015-08-14,395.0,3.0,42.45,4473.0,0,9.1,0,4,8,2015
2015-08-15,802.0,1.0,42.45,5370.0,0,4.0,1,5,8,2015
2015-08-16,828.0,2.0,42.45,4830.0,0,3.1,0,6,8,2015
2015-08-17,508.0,1.0,41.93,4004.0,0,2.8,0,0,8,2015
2015-08-18,411.0,2.0,42.58,3869.0,0,0.9,0,1,8,2015
2015-08-19,424.0,1.0,40.75,4187.0,0,1.8,0,2,8,2015
2015-08-20,358.0,1.0,41.0,3693.0,0,2.2,0,3,8,2015
2015-08-21,361.0,2.0,40.45,4483.0,0,3.2,0,4,8,2015
2015-08-22,648.0,2.0,40.45,4955.0,0,5.2,0,5,8,2015
2015-08-23,758.0,2.0,40.45,4626.0,0,4.4,0,6,8,2015
2015-08-24,521.0,3.0,38.22,3999.0,0,8.8,0,0,8,2015
2015-08-25,387.0,2.0,39.15,3870.0,0,6.6,0,1,8,2015
2015-08-26,431.0,1.0,38.5,4129.0,0,4.4,0,2,8,2015
2015-08-27,341.0,1.0,42.47,4073.0,0,6.3,0,3,8,2015
2015-08-28,410.0,1.0,45.29,4452.0,0,1.8,0,4,8,2015
2015-08-29,777.0,1.0,45.29,4896.0,0,0.7,0,5,8,2015
2015-08-30,977.0,2.0,45.29,5010.0,0,1.9,0,6,8,2015
2015-08-31,577.0,1.0,49.2,4320.0,0,3.8,1,0,8,2015
2015-09-01,676.0,1.0,45.38,4233.0,0,2.9,0,1,9,2015
2015-09-02,651.0,2.0,46.3,4573.0,0,2.9,0,2,9,2015
2015-09-03,475.0,2.0,46.75,3943.0,0,2.1,0,3,9,2015
2015-09-04,541.0,3.0,46.02,4465.0,0,2.0,0,4,9,2015
2015-09-05,1111.0,3.0,46.02,5417.0,0,4.1,0,5,9,2015
2015-09-06,1187.0,3.0,46.02,5327.0,0,7.4,0,6,9,2015
2015-09-07,575.0,2.0,46.02,4036.0,0,3.3,0,0,9,2015
2015-09-08,443.0,2.0,45.92,3779.0,0,3.5,0,1,9,2015
2015-09-09,528.0,2.0,44.13,4219.0,0,4.9,0,2,9,2015
2015-09-10,422.0,3.0,45.85,3552.0,0,4.7,0,3,9,2015
2015-09-11,422.0,2.0,44.75,4148.0,0,7.1,0,4,9,2015
2015-09-12,813.0,3.0,44.75,5046.0,0,1.9,0,5,9,2015
2015-09-13,990.0,3.0,44.75,5015.0,0,0.7,0,6,9,2015
2015-09-14,447.0,3.0,44.07,3754.0,0,0.6,0,0,9,2015
2015-09-15,390.0,2.0,44.58,3563.0,0,1.4,1,1,9,2015
2015-09-16,506.0,3.0,47.12,4239.0,0,4.8,0,2,9,2015
2015-09-17,436.0,5.0,46.93,3623.0,0,10.9,0,3,9,2015
2015-09-18,423.0,8.0,44.71,4170.0,0,11.3,0,4,9,2015
2015-09-19,830.0,7.0,44.71,4984.0,0,2.4,0,5,9,2015
2015-09-20,962.0,8.0,44.71,4951.0,0,4.4,0,6,9,2015
2015-09-21,429.0,6.0,46.67,3596.0,0,6.3,0,0,9,2015
2015-09-22,468.0,6.0,46.17,3594.0,0,6.1,0,1,9,2015
2015-09-23,503.0,9.0,44.53,4089.0,0,12.9,0,2,9,2015
2015-09-24,386.0,5.0,44.94,3627.0,0,4.8,0,3,9,2015
2015-09-25,404.0,5.0,45.55,4283.0,0,5.6,0,4,9,2015
2015-09-26,792.0,6.0,45.55,5171.0,0,9.6,0,5,9,2015
2015-09-27,955.0,5.0,45.55,5124.0,0,2.2,0,6,9,2015
2015-09-28,420.0,5.0,44.4,3768.0,0,4.1,0,0,9,2015
2015-09-29,423.0,5.0,45.24,3551.0,0,14.8,0,1,9,2015
2015-09-30,472.0,5.0,45.06,3945.0,0,12.8,1,2,9,2015
2015-10-01,550.0,4.0,44.75,3830.0,0,6.0,0,3,10,2015
2015-10-02,630.0,4.0,45.54,4466.0,0,4.9,0,4,10,2015
2015-10-03,1201.0,5.0,45.54,5491.0,0,2.3,0,5,10,2015
2015-10-04,1271.0,7.0,45.54,5414.0,0,3.3,0,6,10,2015
2015-10-05,566.0,1.0,46.28,4027.0,0,0.9,0,0,10,2015
2015-10-06,468.0,3.0,48.53,3838.0,0,2.4,0,1,10,2015
2015-10-07,491.0,3.0,47.86,4200.0,0,7.0,0,2,10,2015
2015-10-08,314.0,0.0,49.46,3639.0,0,2.9,0,3,10,2015
2015-10-09,681.0,1.0,49.67,4768.0,1,11.0,0,4,10,2015
2015-10-10,701.0,1.0,49.67,4609.0,0,14.6,0,5,10,2015
2015-10-11,813.0,1.0,49.67,4618.0,0,12.3,0,6,10,2015
2015-10-12,458.0,0.0,47.09,3662.0,0,13.5,0,0,10,2015
2015-10-13,255.0,0.0,46.7,2699.0,0,18.6,0,1,10,2015
2015-10-14,443.0,1.0,46.63,3974.0,0,16.1,0,2,10,2015
2015-10-15,398.0,0.0,46.38,3561.0,0,15.2,1,3,10,2015
2015-10-16,510.0,1.0,47.3,4246.0,0,13.1,0,4,10,2015
2015-10-17,974.0,1.0,47.3,5143.0,0,4.6,0,5,10,2015
2015-10-18,899.0,1.0,47.3,5072.0,0,3.6,0,6,10,2015
2015-10-19,421.0,0.0,45.91,3833.0,0,12.7,0,0,10,2015
2015-10-20,407.0,1.0,45.84,3483.0,0,8.8,0,1,10,2015
2015-10-21,404.0,1.0,45.22,4061.0,0,2.8,0,2,10,2015
2015-10-22,298.0,0.0,44.9,3606.0,0,7.2,0,3,10,2015
2015-10-23,408.0,1.0,43.91,4125.0,0,9.0,0,4,10,2015
2015-10-24,695.0,1.0,43.91,4909.0,0,9.3,0,5,10,2015
2015-10-25,840.0,0.0,43.91,4760.0,0,11.1,0,6,10,2015
2015-10-26,373.0,1.0,43.19,3679.0,0,11.0,0,0,10,2015
2015-10-27,332.0,0.0,43.21,3659.0,0,7.8,0,1,10,2015
2015-10-28,383.0,0.0,45.93,3978.0,0,5.4,0,2,10,2015
2015-10-29,281.0,0.0,46.02,3453.0,0,15.2,0,3,10,2015
2015-10-30,359.0,0.0,46.6,4327.0,0,11.1,0,4,10,2015
2015-10-31,663.0,0.0,46.6,4426.0,0,11.4,1,5,10,2015
2015-11-01,640.0,0.0,46.6,4105.0,0,9.9,0,6,11,2015
2015-11-02,669.0,0.0,46.12,4118.0,1,4.1,0,0,11,2015
2015-11-03,864.0,0.0,47.88,4678.0,1,0.0,0,1,11,2015
2015-11-04,468.0,1.0,46.32,4054.0,0,2.2,0,2,11,2015
2015-11-05,420.0,0.0,45.27,3612.0,0,13.5,0,3,11,2015
2015-11-06,369.0,0.0,44.32,4125.0,0,14.8,0,4,11,2015
2015-11-07,794.0,0.0,44.32,5129.0,0,38.9,0,5,11,2015
2015-11-08,922.0,0.0,44.32,5097.0,0,3.2,0,6,11,2015
2015-11-09,436.0,0.0,43.87,3796.0,0,7.2,0,0,11,2015
2015-11-10,412.0,0.0,44.23,3920.0,0,2.1,0,1,11,2015
2015-11-11,399.0,0.0,42.95,4237.0,0,3.2,0,2,11,2015
2015-11-12,176.0,0.0,41.74,3028.0,0,6.3,0,3,11,2015
2015-11-13,323.0,1.0,40.69,4295.0,0,1.6,0,4,11,2015
2015-11-14,677.0,0.0,40.69,5267.0,0,4.5,0,5,11,2015
2015-11-15,909.0,1.0,40.69,5281.0,0,8.9,1,6,11,2015
2015-11-16,469.0,0.0,41.68,3883.0,0,4.8,0,0,11,2015
2015-11-17,298.0,1.0,40.73,3678.0,0,13.1,0,1,11,2015
2015-11-18,377.0,3.0,40.75,4212.0,0,14.4,0,2,11,2015
2015-11-19,298.0,3.0,40.55,3809.0,0,12.2,0,3,11,2015
2015-11-20,426.0,0.0,39.39,4362.0,0,7.4,0,4,11,2015
2015-11-21,717.0,1.0,39.39,5231.0,0,9.6,0,5,11,2015
2015-11-22,881.0,2.0,39.39,5035.0,0,9.8,0,6,11,2015
2015-11-23,423.0,0.0,39.27,3865.0,0,11.5,0,0,11,2015
2015-11-24,397.0,1.0,40.89,3966.0,0,11.6,0,1,11,2015
2015-11-25,474.0,1.0,41.22,4709.0,0,16.7,0,2,11,2015
2015-11-26,396.0,0.0,41.22,3940.0,0,3.4,0,3,11,2015
2015-11-27,440.0,1.0,40.57,4704.0,1,3.8,0,4,11,2015
2015-11-28,809.0,0.0,40.57,5245.0,0,16.1,0,5,11,2015
2015-11-29,954.0,1.0,40.57,5772.0,0,19.7,0,6,11,2015
2015-11-30,481.0,1.0,40.43,4433.0,1,6.5,1,0,11,2015
2015-12-01,617.0,0.0,40.58,4326.0,0,5.2,0,1,12,2015
2015-12-02,640.0,0.0,39.93,4938.0,0,3.2,0,2,12,2015
2015-12-03,385.0,0.0,41.08,4124.0,0,3.3,0,3,12,2015
2015-12-04,334.0,1.0,40.0,4234.0,0,4.7,0,4,12,2015
2015-12-05,763.0,3.0,40.0,4772.0,0,12.7,0,5,12,2015
2015-12-06,1096.0,0.0,40.0,5358.0,0,4.0,0,6,12,2015
2015-12-07,547.0,2.0,37.64,4618.0,0,11.2,0,0,12,2015
2015-12-08,471.0,2.0,37.46,4311.0,0,5.7,0,1,12,2015
2015-12-09,541.0,3.0,37.16,4944.0,0,6.0,0,2,12,2015
2015-12-10,471.0,2.0,36.76,4584.0,0,1.2,0,3,12,2015
2015-12-11,406.0,1.0,35.65,5118.0,0,3.4,0,4,12,2015
2015-12-12,893.0,3.0,35.65,5968.0,0,5.0,0,5,12,2015
2015-12-13,850.0,0.0,35.65,5672.0,0,9.0,0,6,12,2015
2015-12-14,464.0,1.0,36.31,4645.0,0,16.1,0,0,12,2015
2015-12-15,413.0,22.0,37.32,4934.0,0,19.7,1,1,12,2015
2015-12-16,460.0,15.0,35.55,5492.0,0,2.7,0,2,12,2015
2015-12-17,424.0,2.0,34.98,5629.0,0,3.7,0,3,12,2015
2015-12-18,418.0,0.0,34.72,5826.0,0,13.1,0,4,12,2015
2015-12-19,867.0,0.0,34.72,7085.0,0,4.0,0,5,12,2015
2015-12-20,1031.0,1.0,34.72,6889.0,0,1.4,0,6,12,2015
2015-12-21,571.0,3.0,34.55,6930.0,1,2.1,0,0,12,2015
2015-12-22,515.0,2.0,36.12,7502.0,1,1.7,0,1,12,2015
2015-12-23,611.0,0.0,36.76,8359.0,1,2.2,0,2,12,2015
2015-12-24,490.0,0.0,37.62,7700.0,1,4.9,0,3,12,2015
2015-12-25,0.0,0.0,37.62,0.0,1,4.9,0,4,12,2015
2015-12-26,799.0,0.0,37.62,5549.0,1,2.9,0,5,12,2015
2015-12-27,784.0,1.0,37.62,4656.0,0,3.3,0,6,12,2015
2015-12-28,492.0,0.0,36.36,4485.0,0,3.0,0,0,12,2015
2015-12-29,528.0,2.0,37.88,5143.0,0,3.1,0,1,12,2015
2015-12-30,583.0,2.0,36.59,5938.0,0,1.0,0,2,12,2015
2015-12-31,371.0,1.0,37.13,5414.0,1,1.6,1,3,12,2015
2016-01-01,0.0,0.0,37.13,4246.202702702703,1,4.4,0,4,1,2016
2016-01-02,985.0,0.0,37.13,4539.0,0,17.1,0,5,1,2016
2016-01-03,1241.0,1.0,37.13,4246.202702702703,0,2.9,0,6,1,2016
2016-01-04,852.0,0.0,36.81,4246.202702702703,0,9.9,0,0,1,2016
2016-01-05,599.0,0.0,35.97,4113.0,0,5.8,0,1,1,2016
2016-01-06,640.0,1.0,33.97,4661.0,0,14.2,0,2,1,2016
2016-01-07,458.0,2.0,33.29,3866.0,0,7.1,0,3,1,2016
2016-01-08,449.0,2.0,33.2,4301.0,0,12.4,0,4,1,2016
2016-01-09,912.0,3.0,33.2,5186.0,0,12.3,0,5,1,2016
2016-01-10,1091.0,2.0,33.2,5220.0,0,11.0,0,6,1,2016
2016-01-11,490.0,3.0,31.42,3968.0,0,6.5,0,0,1,2016
2016-01-12,424.0,2.0,30.42,3743.0,0,5.9,0,1,1,2016
2016-01-13,423.0,1.0,30.42,3956.0,0,28.8,0,2,1,2016
2016-01-14,322.0,3.0,31.22,3784.0,0,12.8,0,3,1,2016
2016-01-15,412.0,4.0,29.45,4416.0,0,2.1,1,4,1,2016
2016-01-16,893.0,3.0,29.45,5207.0,0,9.6,0,5,1,2016
2016-01-17,965.0,1.0,29.45,5009.0,0,11.1,0,6,1,2016
2016-01-18,474.0,3.0,29.45,4025.0,0,16.3,0,0,1,2016
2016-01-19,413.0,4.0,28.47,3844.0,0,22.7,0,1,1,2016
2016-01-20,456.0,3.0,26.68,4337.0,0,10.6,0,2,1,2016
2016-01-21,384.0,1.0,29.55,3534.0,0,12.8,0,3,1,2016
2016-01-22,401.0,0.0,32.07,4195.0,0,8.7,0,4,1,2016
2016-01-23,789.0,0.0,32.07,4982.0,0,4.6,0,5,1,2016
2016-01-24,788.0,0.0,32.07,4766.0,0,3.9,0,6,1,2016
2016-01-25,526.0,0.0,30.31,3773.0,0,41.2,0,0,1,2016
2016-01-26,354.0,1.0,29.54,3618.0,0,5.7,0,1,1,2016
2016-01-27,477.0,1.0,32.32,3986.0,0,2.3,0,2,1,2016
2016-01-28,343.0,0.0,33.21,3669.0,0,6.0,0,3,1,2016
2016-01-29,426.0,1.0,33.66,4072.0,0,10.1,0,4,1,2016
2016-01-30,821.0,0.0,33.66,5043.0,0,11.7,0,5,1,2016
2016-01-31,996.0,0.0,33.66,4907.0,0,9.3,1,6,1,2016
2016-02-01,676.0,0.0,31.62,4132.0,0,9.5,0,0,2,2016
2016-02-02,475.0,1.0,29.9,3757.0,0,9.4,0,1,2,2016
2016-02-03,502.0,0.0,32.29,4147.0,0,15.2,0,2,2,2016
2016-02-04,458.0,3.0,31.63,3842.0,0,16.4,0,3,2,2016
2016-02-05,632.0,0.0,30.86,4418.0,0,6.1,0,4,2,2016
2016-02-06,686.0,1.0,30.86,4444.0,0,3.2,0,5,2,2016
2016-02-07,608.0,1.0,30.86,3604.0,0,6.4,0,6,2,2016
2016-02-08,541.0,1.0,29.71,3810.0,1,22.4,0,0,2,2016
2016-02-09,773.0,1.0,27.96,4311.0,1,9.9,0,1,2,2016
2016-02-10,457.0,0.0,27.54,4020.0,0,19.6,0,2,2,2016
2016-02-11,397.0,0.0,26.19,3840.0,0,3.1,0,3,2,2016
2016-02-12,388.0,0.0,29.32,4218.0,0,4.0,0,4,2,2016
2016-02-13,645.0,1.0,29.32,5153.0,0,4.0,0,5,2,2016
2016-02-14,854.0,0.0,29.32,5131.0,0,1.8,0,6,2,2016
2016-02-15,475.0,0.0,29.32,3819.0,0,2.3,1,0,2,2016
2016-02-16,501.0,1.0,29.05,3793.0,0,2.0,0,1,2,2016
2016-02-17,489.0,0.0,30.68,4115.0,0,14.3,0,2,2,2016
2016-02-18,357.0,0.0,30.77,3460.0,0,1.4,0,3,2,2016
2016-02-19,402.0,0.0,29.59,4192.0,0,2.6,0,4,2,2016
2016-02-20,703.0,0.0,29.59,4760.0,0,6.7,0,5,2,2016
2016-02-21,949.0,0.0,29.59,4917.0,0,8.9,0,6,2,2016
2016-02-22,473.0,1.0,31.37,3690.0,0,15.6,0,0,2,2016
2016-02-23,384.0,0.0,31.84,3654.0,0,15.7,0,1,2,2016
2016-02-24,423.0,1.0,30.35,4167.0,0,11.7,0,2,2,2016
2016-02-25,315.0,0.0,31.4,3657.0,0,13.4,0,3,2,2016
2016-02-26,356.0,1.0,31.65,4243.0,0,23.4,0,4,2,2016
2016-02-27,758.0,1.0,31.65,4909.0,0,6.4,0,5,2,2016
2016-02-28,880.0,0.0,31.65,4833.0,0,6.1,0,6,2,2016
2016-02-29,519.0,1.0,32.74,3747.0,0,6.7,1,0,2,2016
2016-03-01,585.0,6.0,34.39,4028.0,0,20.4,0,1,3,2016
2016-03-02,629.0,9.0,34.57,4364.0,0,18.1,0,2,3,2016
2016-03-03,437.0,7.0,34.56,3745.0,0,21.3,0,3,3,2016
2016-03-04,514.0,5.0,35.91,4281.0,0,35.1,0,4,3,2016
2016-03-05,1003.0,7.0,35.91,5248.0,0,20.5,0,5,3,2016
2016-03-06,920.0,5.0,35.91,5212.0,0,12.9,0,6,3,2016
2016-03-07,443.0,5.0,37.9,3953.0,0,16.3,0,0,3,2016
2016-03-08,365.0,4.0,36.67,3883.0,0,0.8,0,1,3,2016
2016-03-09,404.0,6.0,37.62,4109.0,0,13.7,0,2,3,2016
2016-03-10,368.0,6.0,37.77,3708.0,0,9.5,0,3,3,2016
2016-03-11,354.0,5.0,38.51,4483.0,0,10.7,0,4,3,2016
2016-03-12,729.0,6.0,38.51,5215.0,0,9.6,0,5,3,2016
2016-03-13,818.0,5.0,38.51,4941.0,0,29.2,0,6,3,2016
2016-03-14,379.0,6.0,37.2,3827.0,0,14.7,0,0,3,2016
2016-03-15,375.0,6.0,36.32,3640.0,0,1.7,1,1,3,2016
2016-03-16,485.0,5.0,38.43,4132.0,0,8.4,0,2,3,2016
2016-03-17,375.0,12.0,40.17,3693.0,0,16.1,0,3,3,2016
2016-03-18,392.0,8.0,39.47,4274.0,0,6.2,0,4,3,2016
2016-03-19,765.0,8.0,39.47,4854.0,0,5.7,0,5,3,2016
2016-03-20,764.0,9.0,39.47,4835.0,0,15.1,0,6,3,2016
2016-03-21,473.0,8.0,39.91,3709.0,0,3.8,0,0,3,2016
2016-03-22,343.0,9.0,41.45,3639.0,0,1.9,0,1,3,2016
2016-03-23,482.0,9.0,38.28,4299.0,0,2.4,0,2,3,2016
2016-03-24,195.0,9.0,38.14,3407.0,0,2.2,0,3,3,2016
2016-03-25,557.0,9.0,38.14,4438.0,1,2.0,0,4,3,2016
2016-03-26,607.0,9.0,38.14,4528.0,0,3.2,0,5,3,2016
2016-03-27,655.0,11.0,38.14,4243.0,0,16.4,0,6,3,2016
2016-03-28,339.0,10.0,37.99,3477.0,0,10.7,0,0,3,2016
2016-03-29,382.0,12.0,36.91,3494.0,0,14.1,0,1,3,2016
2016-03-30,368.0,10.0,36.91,3832.0,0,11.6,0,2,3,2016
2016-03-31,425.0,11.0,36.94,3716.0,0,12.6,1,3,3,2016
2016-04-01,586.0,5.0,35.36,4208.0,0,16.7,0,4,4,2016
2016-04-02,1126.0,6.0,35.36,5352.0,0,13.9,0,5,4,2016
2016-04-03,1340.0,6.0,35.36,5502.0,0,8.8,0,6,4,2016
2016-04-04,570.0,6.0,34.3,3807.0,0,16.3,0,0,4,2016
2016-04-05,462.0,6.0,34.52,3826.0,0,17.2,0,1,4,2016
2016-04-06,490.0,7.0,37.74,4150.0,0,7.6,0,2,4,2016
2016-04-07,352.0,0.0,37.3,3594.0,0,7.9,0,3,4,2016
2016-04-08,360.0,1.0,39.74,4346.0,0,3.2,0,4,4,2016
2016-04-09,795.0,4.0,39.74,5062.0,0,7.0,0,5,4,2016
2016-04-10,955.0,3.0,39.74,5041.0,0,24.8,0,6,4,2016
2016-04-11,373.0,5.0,40.46,3634.0,0,17.2,0,0,4,2016
2016-04-12,386.0,4.0,42.12,3855.0,0,6.0,0,1,4,2016
2016-04-13,425.0,4.0,41.7,3990.0,0,7.6,0,2,4,2016
2016-04-14,429.0,9.0,41.45,3657.0,0,15.4,0,3,4,2016
2016-04-15,419.0,8.0,40.4,4100.0,0,10.4,1,4,4,2016
2016-04-16,714.0,6.0,40.4,4137.0,1,4.7,0,5,4,2016
2016-04-17,1307.0,6.0,40.4,5242.0,1,10.8,0,6,4,2016
2016-04-18,1718.0,5.0,39.74,5091.0,1,2.5,0,0,4,2016
2016-04-19,1975.0,4.0,40.88,4563.0,1,4.8,0,1,4,2016
2016-04-20,1549.0,6.0,42.72,4789.0,1,4.6,0,2,4,2016
2016-04-21,1003.0,4.0,43.18,4013.0,1,0.7,0,3,4,2016
2016-04-22,802.0,6.0,42.76,4373.0,1,2.1,0,4,4,2016
2016-04-23,1060.0,5.0,42.76,5042.0,1,14.0,0,5,4,2016
2016-04-24,1012.0,4.0,42.76,4898.0,1,9.8,0,6,4,2016
2016-04-25,494.0,7.0,41.67,3477.0,1,10.1,0,0,4,2016
2016-04-26,484.0,6.0,42.52,3568.0,1,16.2,0,1,4,2016
2016-04-27,493.0,2.0,45.29,4089.0,1,11.2,0,2,4,2016
2016-04-28,266.0,2.0,46.03,3495.0,1,10.0,0,3,4,2016
2016-04-29,511.0,4.0,45.98,4243.0,1,11.3,0,4,4,2016
2016-04-30,2171.0,6.0,45.98,5204.0,1,13.7,1,5,4,2016
2016-05-01,1165.0,7.0,45.98,5208.0,1,16.5,0,6,5,2016
2016-05-02,1450.0,5.0,44.75,3842.0,1,17.0,0,0,5,2016
2016-05-03,489.0,5.0,43.65,3859.0,1,4.1,0,1,5,2016
2016-05-04,620.0,5.0,43.77,4309.0,1,2.0,0,2,5,2016
2016-05-05,365.0,2.0,44.33,4010.0,1,7.9,0,3,5,2016
2016-05-06,441.0,4.0,44.58,4720.0,1,10.1,0,4,5,2016
2016-05-07,745.0,3.0,44.58,6194.0,1,6.6,0,5,5,2016
2016-05-08,552.0,4.0,44.58,4402.0,1,11.7,0,6,5,2016
2016-05-09,400.0,5.0,43.45,3824.0,1,16.8,0,0,5,2016
2016-05-10,380.0,4.0,44.68,3417.0,1,9.5,0,1,5,2016
2016-05-11,569.0,3.0,46.21,4333.0,1,17.7,0,2,5,2016
2016-05-12,340.0,7.0,46.64,3830.0,1,1.2,0,3,5,2016
2016-05-13,664.0,2.0,46.22,4482.0,1,0.6,0,4,5,2016
2016-05-14,781.0,5.0,46.22,5123.0,1,4.6,0,5,5,2016
2016-05-15,891.0,4.0,46.22,5146.0,1,1.1,1,6,5,2016
2016-05-16,490.0,7.0,47.72,3970.0,1,2.5,0,0,5,2016
2016-05-17,365.0,6.0,48.29,3573.0,0,4.8,0,1,5,2016
2016-05-18,421.0,6.0,48.12,3884.0,0,3.7,0,2,5,2016
2016-05-19,377.0,6.0,48.16,3908.0,0,0.7,0,3,5,2016
2016-05-20,450.0,5.0,47.67,4405.0,0,3.5,0,4,5,2016
2016-05-21,812.0,6.0,47.67,5180.0,0,1.0,0,5,5,2016
2016-05-22,914.0,6.0,47.67,4764.0,0,1.6,0,6,5,2016
2016-05-23,544.0,3.0,48.12,3942.0,0,3.0,0,0,5,2016
2016-05-24,295.0,7.0,48.04,3451.0,0,2.8,0,1,5,2016
2016-05-25,463.0,7.0,49.1,3849.0,0,11.9,0,2,5,2016
2016-05-26,300.0,8.0,49.0,3589.0,0,7.9,0,3,5,2016
2016-05-27,787.0,8.0,49.36,4779.0,1,2.4,0,4,5,2016
2016-05-28,650.0,5.0,49.36,4196.0,0,3.2,0,5,5,2016
2016-05-29,927.0,9.0,49.36,4407.0,0,9.7,0,6,5,2016
2016-05-30,767.0,12.0,49.36,3771.0,0,7.1,0,0,5,2016
2016-05-31,933.0,10.0,49.1,4100.0,0,10.5,1,1,5,2016
2016-06-01,597.0,6.0,49.07,4361.0,0,13.2,0,2,6,2016
2016-06-02,374.0,4.0,49.14,3652.0,0,8.3,0,3,6,2016
2016-06-03,398.0,2.0,48.69,4323.0,0,8.7,0,4,6,2016
2016-06-04,743.0,1.0,48.69,4733.0,0,9.1,0,5,6,2016
2016-06-05,954.0,2.0,48.69,4903.0,0,7.2,0,6,6,2016
2016-06-06,502.0,1.0,49.71,3874.0,0,11.5,0,0,6,2016
2016-06-07,303.0,2.0,50.37,3595.0,0,8.4,0,1,6,2016
2016-06-08,439.0,9.0,51.23,3992.0,0,2.8,0,2,6,2016
2016-06-09,307.0,13.0,50.52,3566.0,0,2.3,0,3,6,2016
2016-06-10,398.0,9.0,49.09,4102.0,0,3.0,0,4,6,2016
2016-06-11,605.0,8.0,49.09,4600.0,0,1.3,0,5,6,2016
2016-06-12,697.0,12.0,49.09,4540.0,0,1.7,0,6,6,2016
2016-06-13,399.0,9.0,48.89,3785.0,0,2.6,0,0,6,2016
2016-06-14,422.0,15.0,48.49,3561.0,0,1.1,0,1,6,2016
2016-06-15,442.0,14.0,47.92,4120.0,0,1.5,1,2,6,2016
2016-06-16,374.0,19.0,46.14,3776.0,0,0.4,0,3,6,2016
2016-06-17,426.0,17.0,48.0,4492.0,0,1.5,0,4,6,2016
2016-06-18,743.0,21.0,48.0,5626.0,0,2.9,0,5,6,2016
2016-06-19,578.0,20.0,48.0,4412.0,0,3.0,0,6,6,2016
2016-06-20,434.0,16.0,49.4,3781.0,0,11.1,0,0,6,2016
2016-06-21,341.0,16.0,48.95,3517.0,0,3.7,0,1,6,2016
2016-06-22,421.0,17.0,49.16,3851.0,0,0.7,0,2,6,2016
2016-06-23,437.0,15.0,49.34,3522.0,0,4.9,0,3,6,2016
2016-06-24,362.0,17.0,46.7,4092.0,0,9.7,0,4,6,2016
2016-06-25,665.0,20.0,46.7,4700.0,0,2.0,0,5,6,2016
2016-06-26,835.0,22.0,46.7,4660.0,0,1.3,0,6,6,2016
2016-06-27,440.0,20.0,45.8,3693.0,0,1.6,0,0,6,2016
2016-06-28,421.0,0.0,47.93,3552.0,0,0.0,0,1,6,2016
2016-06-29,376.0,14.0,49.85,4011.0,0,0.3,0,2,6,2016
2016-06-30,317.0,15.0,48.27,3657.0,0,1.7,1,3,6,2016
2016-07-01,593.0,22.0,49.02,4534.0,0,6.5,0,4,7,2016
2016-07-02,1083.0,10.0,49.02,5165.0,0,10.7,0,5,7,2016
2016-07-03,1080.0,11.0,49.02,4952.0,0,5.8,0,6,7,2016
2016-07-04,550.0,13.0,49.02,3946.0,0,10.8,0,0,7,2016
2016-07-05,431.0,15.0,46.73,3747.0,0,10.2,0,1,7,2016
2016-07-06,577.0,12.0,47.37,4434.0,0,3.9,0,2,7,2016
2016-07-07,270.0,5.0,45.22,3285.0,0,0.6,0,3,7,2016
2016-07-08,434.0,6.0,45.37,4271.0,0,0.1,0,4,7,2016
2016-07-09,716.0,9.0,45.37,4707.0,0,2.4,0,5,7,2016
2016-07-10,764.0,11.0,45.37,4516.0,0,1.6,0,6,7,2016
2016-07-11,453.0,7.0,44.73,3785.0,0,2.0,0,0,7,2016
2016-07-12,331.0,1.0,46.82,3645.0,0,1.7,0,1,7,2016
2016-07-13,346.0,0.0,44.87,3935.0,0,6.4,0,2,7,2016
2016-07-14,331.0,0.0,45.64,3452.0,0,3.2,0,3,7,2016
2016-07-15,380.0,5.0,45.93,4070.0,0,9.9,1,4,7,2016
2016-07-16,823.0,7.0,45.93,4816.0,0,5.8,0,5,7,2016
2016-07-17,846.0,7.0,45.93,4597.0,0,2.7,0,6,7,2016
2016-07-18,424.0,5.0,45.23,3841.0,0,1.9,0,0,7,2016
2016-07-19,346.0,6.0,44.64,3554.0,0,2.1,0,1,7,2016
2016-07-20,297.0,7.0,44.96,3047.0,0,4.8,0,2,7,2016
2016-07-21,337.0,6.0,43.96,3656.0,0,2.6,0,3,7,2016
2016-07-22,307.0,7.0,43.41,4072.0,0,2.4,0,4,7,2016
2016-07-23,539.0,5.0,43.41,4743.0,0,3.0,0,5,7,2016
2016-07-24,694.0,7.0,43.41,4549.0,0,9.8,0,6,7,2016
2016-07-25,341.0,6.0,42.4,3773.0,0,2.3,0,0,7,2016
2016-07-26,309.0,7.0,42.16,3532.0,0,1.1,0,1,7,2016
2016-07-27,362.0,6.0,41.9,3765.0,0,3.4,0,2,7,2016
2016-07-28,333.0,5.0,41.13,3403.0,0,0.1,0,3,7,2016
2016-07-29,351.0,6.0,41.54,4110.0,0,3.1,0,4,7,2016
2016-07-30,699.0,6.0,41.54,4694.0,0,2.4,0,5,7,2016
2016-07-31,759.0,7.0,41.54,4747.0,0,2.1,1,6,7,2016
2016-08-01,587.0,2.0,40.05,4160.0,0,1.9,0,0,8,2016
2016-08-02,501.0,1.0,39.5,3850.0,0,2.0,0,1,8,2016
2016-08-03,589.0,1.0,40.8,4290.0,0,2.3,0,2,8,2016
2016-08-04,340.0,2.0,41.92,3611.0,0,0.6,0,3,8,2016
2016-08-05,414.0,2.0,41.83,4204.0,0,0.6,0,4,8,2016
2016-08-06,659.0,3.0,41.83,4715.0,0,1.1,0,5,8,2016
2016-08-07,757.0,4.0,41.83,4642.0,0,0.8,0,6,8,2016
2016-08-08,429.0,3.0,43.06,3932.0,0,0.6,0,0,8,2016
2016-08-09,341.0,4.0,42.78,3584.0,0,1.2,0,1,8,2016
2016-08-10,389.0,5.0,41.75,3999.0,0,3.2,0,2,8,2016
2016-08-11,337.0,3.0,43.51,3751.0,0,6.7,0,3,8,2016
2016-08-12,557.0,5.0,44.47,4340.0,1,1.7,0,4,8,2016
2016-08-13,480.0,3.0,44.47,4000.0,0,1.0,0,5,8,2016
2016-08-14,621.0,5.0,44.47,4044.0,0,1.6,0,6,8,2016
2016-08-15,450.0,7.0,45.72,3857.0,0,3.2,1,0,8,2016
2016-08-16,459.0,8.0,46.57,3941.0,0,3.8,0,1,8,2016
2016-08-17,450.0,8.0,46.81,4256.0,0,2.9,0,2,8,2016
2016-08-18,350.0,6.0,48.2,3776.0,0,5.5,0,3,8,2016
2016-08-19,377.0,7.0,48.48,4185.0,0,1.3,0,4,8,2016
2016-08-20,709.0,7.0,48.48,4830.0,0,1.1,0,5,8,2016
2016-08-21,736.0,9.0,48.48,4825.0,0,1.1,0,6,8,2016
2016-08-22,497.0,7.0,46.8,3933.0,0,1.0,0,0,8,2016
2016-08-23,406.0,5.0,47.54,3847.0,0,1.5,0,1,8,2016
2016-08-24,500.0,5.0,46.29,4244.0,0,9.1,0,2,8,2016
2016-08-25,384.0,8.0,46.97,4236.0,0,2.1,0,3,8,2016
2016-08-26,530.0,9.0,47.64,4692.0,0,2.7,0,4,8,2016
2016-08-27,623.0,7.0,47.64,4643.0,0,2.0,0,5,8,2016
2016-08-28,964.0,7.0,47.64,4705.0,0,8.5,0,6,8,2016
2016-08-29,424.0,7.0,46.97,3779.0,0,7.1,0,0,8,2016
2016-08-30,449.0,8.0,46.32,3739.0,0,6.8,0,1,8,2016
2016-08-31,525.0,6.0,44.68,4251.0,0,10.1,1,2,8,2016
2016-09-01,307.0,0.0,43.17,3113.0,0,11.8,0,3,9,2016
2016-09-02,767.0,5.0,44.39,4620.0,0,2.4,0,4,9,2016
2016-09-03,1107.0,7.0,44.39,5418.0,0,1.8,0,5,9,2016
2016-09-04,1166.0,5.0,44.39,4761.0,0,8.0,0,6,9,2016
2016-09-05,642.0,5.0,44.39,4202.0,0,6.3,0,0,9,2016
2016-09-06,495.0,4.0,44.85,4014.0,0,7.3,0,1,9,2016
2016-09-07,512.0,4.0,45.47,4330.0,0,7.8,0,2,9,2016
2016-09-08,478.0,6.0,47.63,3775.0,0,7.0,0,3,9,2016
2016-09-09,542.0,5.0,45.88,4261.0,0,2.5,0,4,9,2016
2016-09-10,1065.0,6.0,45.88,5149.0,0,4.6,0,5,9,2016
2016-09-11,849.0,7.0,45.88,4712.0,0,3.4,0,6,9,2016
2016-09-12,675.0,6.0,46.28,3844.0,0,9.3,0,0,9,2016
2016-09-13,354.0,5.0,44.91,3475.0,0,12.8,0,1,9,2016
2016-09-14,704.0,11.0,43.62,3996.0,0,16.7,0,2,9,2016
2016-09-15,354.0,10.0,43.85,3621.0,0,13.0,1,3,9,2016
2016-09-16,433.0,8.0,43.04,4274.0,0,4.4,0,4,9,2016
2016-09-17,690.0,11.0,43.04,5000.0,0,3.0,0,5,9,2016
2016-09-18,823.0,14.0,43.04,4904.0,0,12.3,0,6,9,2016
2016-09-19,459.0,10.0,43.34,3863.0,0,4.5,0,0,9,2016
2016-09-20,388.0,8.0,43.85,3706.0,0,1.7,0,1,9,2016
2016-09-21,391.0,7.0,45.33,4262.0,0,11.0,0,2,9,2016
2016-09-22,358.0,10.0,46.1,3619.0,0,3.7,0,3,9,2016
2016-09-23,365.0,9.0,44.36,4232.0,0,3.2,0,4,9,2016
2016-09-24,607.0,12.0,44.36,4901.0,0,3.4,0,5,9,2016
2016-09-25,782.0,12.0,44.36,4929.0,0,3.0,0,6,9,2016
2016-09-26,395.0,9.0,45.6,3767.0,0,3.3,0,0,9,2016
2016-09-27,350.0,7.0,44.65,3593.0,0,2.6,0,1,9,2016
2016-09-28,429.0,6.0,47.07,3973.0,0,4.9,0,2,9,2016
2016-09-29,279.0,8.0,47.72,3545.0,0,7.0,0,3,9,2016
2016-09-30,484.0,9.0,47.72,4238.0,0,15.7,1,4,9,2016
2016-10-01,1083.0,11.0,47.72,5482.0,0,10.4,0,5,10,2016
2016-10-02,1223.0,10.0,47.72,5674.0,0,2.7,0,6,10,2016
2016-10-03,610.0,9.0,48.8,4189.0,0,5.2,0,0,10,2016
2016-10-04,435.0,7.0,48.67,3740.0,0,9.0,0,1,10,2016
2016-10-05,493.0,14.0,49.75,4219.0,0,2.2,0,2,10,2016
2016-10-06,268.0,10.0,50.44,3198.0,0,12.7,0,3,10,2016
2016-10-07,434.0,16.0,49.76,4255.0,0,16.7,0,4,10,2016
2016-10-08,765.0,14.0,49.76,5155.0,0,8.1,0,5,10,2016
2016-10-09,965.0,14.0,49.76,5286.0,1,19.9,0,6,10,2016
2016-10-10,367.0,12.0,49.76,3996.0,0,18.5,0,0,10,2016
2016-10-11,311.0,13.0,50.72,3405.0,0,14.2,0,1,10,2016
2016-10-12,383.0,16.0,50.14,3919.0,0,15.3,0,2,10,2016
2016-10-13,334.0,13.0,50.47,3827.0,0,17.3,0,3,10,2016
2016-10-14,319.0,10.0,50.35,4319.0,0,5.0,0,4,10,2016
2016-10-15,672.0,12.0,50.35,4878.0,0,5.6,1,5,10,2016
2016-10-16,933.0,15.0,50.35,5275.0,0,8.7,0,6,10,2016
2016-10-17,420.0,9.0,49.97,3674.0,0,8.6,0,0,10,2016
2016-10-18,400.0,11.0,50.3,3725.0,0,7.4,0,1,10,2016
2016-10-19,442.0,11.0,51.59,3943.0,0,6.0,0,2,10,2016
2016-10-20,308.0,11.0,50.31,3572.0,0,7.6,0,3,10,2016
2016-10-21,382.0,11.0,50.61,4374.0,0,3.6,0,4,10,2016
2016-10-22,652.0,14.0,50.61,5016.0,0,6.8,0,5,10,2016
2016-10-23,809.0,12.0,50.61,4996.0,0,9.9,0,6,10,2016
2016-10-24,397.0,7.0,50.18,3611.0,0,13.7,0,0,10,2016
2016-10-25,331.0,11.0,49.45,3619.0,0,8.8,0,1,10,2016
2016-10-26,398.0,12.0,48.75,4039.0,0,2.0,0,2,10,2016
2016-10-27,319.0,13.0,49.71,3569.0,0,0.2,0,3,10,2016
2016-10-28,404.0,13.0,48.72,4178.0,0,1.5,0,4,10,2016
2016-10-29,799.0,12.0,48.72,4887.0,0,4.7,0,5,10,2016
2016-10-30,859.0,14.0,48.72,5159.0,0,12.4,0,6,10,2016
2016-10-31,465.0,16.0,46.83,3768.0,0,16.2,1,0,10,2016
2016-11-01,579.0,9.0,46.66,4240.0,0,6.4,0,1,11,2016
2016-11-02,943.0,10.0,45.32,5341.0,1,10.6,0,2,11,2016
2016-11-03,709.0,9.0,44.66,4186.0,1,11.0,0,3,11,2016
2016-11-04,832.0,9.0,44.07,4421.0,1,5.0,0,4,11,2016
2016-11-05,901.0,11.0,44.07,4725.0,0,7.2,0,5,11,2016
2016-11-06,1283.0,10.0,44.07,5325.0,0,4.1,0,6,11,2016
2016-11-07,693.0,9.0,44.88,3952.0,0,14.4,0,0,11,2016
2016-11-08,640.0,10.0,44.96,3874.0,0,15.6,0,1,11,2016
2016-11-09,635.0,16.0,45.2,4337.0,0,8.2,0,2,11,2016
2016-11-10,367.0,11.0,44.62,3586.0,0,16.2,0,3,11,2016
2016-11-11,471.0,12.0,43.39,4068.0,0,10.7,0,4,11,2016
2016-11-12,985.0,12.0,43.39,5191.0,1,8.2,0,5,11,2016
2016-11-13,1485.0,15.0,43.39,5690.0,0,6.7,0,6,11,2016
2016-11-14,589.0,13.0,43.29,4032.0,0,4.1,0,0,11,2016
2016-11-15,422.0,10.0,45.86,3387.0,0,0.2,1,1,11,2016
2016-11-16,668.0,18.0,45.56,4236.0,0,0.0,0,2,11,2016
2016-11-17,488.0,12.0,45.37,3940.0,0,0.5,0,3,11,2016
2016-11-18,558.0,12.0,45.69,4491.0,0,5.6,0,4,11,2016
2016-11-19,1122.0,14.0,45.69,5332.0,0,11.0,0,5,11,2016
2016-11-20,1200.0,12.0,45.69,5539.0,0,0.7,0,6,11,2016
2016-11-21,501.0,11.0,47.48,4124.0,0,0.0,0,0,11,2016
2016-11-22,600.0,10.0,48.07,4328.0,0,0.2,0,1,11,2016
2016-11-23,651.0,15.0,46.72,4771.0,0,4.2,0,2,11,2016
2016-11-24,440.0,9.0,46.72,4239.0,0,13.0,0,3,11,2016
2016-11-25,531.0,12.0,46.72,4988.0,1,13.4,0,4,11,2016
2016-11-26,809.0,14.0,46.72,5423.0,0,15.3,0,5,11,2016
2016-11-27,1124.0,13.0,46.72,5616.0,0,14.8,0,6,11,2016
2016-11-28,503.0,13.0,45.66,4168.0,1,15.2,0,0,11,2016
2016-11-29,456.0,12.0,45.29,3733.0,0,17.7,0,1,11,2016
2016-11-30,568.0,11.0,49.41,4575.0,0,10.5,1,2,11,2016
2016-12-01,552.0,11.0,51.08,4264.0,0,17.2,0,3,12,2016
2016-12-02,598.0,11.0,51.7,4469.0,0,19.9,0,4,12,2016
2016-12-03,906.0,13.0,51.7,5020.0,0,21.2,0,5,12,2016
2016-12-04,1203.0,11.0,51.7,5697.0,0,9.1,0,6,12,2016
2016-12-05,456.0,11.0,51.72,4339.0,0,6.5,0,0,12,2016
2016-12-06,1049.0,15.0,50.95,5167.0,0,10.9,0,1,12,2016
2016-12-07,563.0,22.0,49.85,4707.0,0,15.2,0,2,12,2016
2016-12-08,488.0,15.0,50.84,4362.0,0,6.9,0,3,12,2016
2016-12-09,557.0,14.0,51.51,5252.0,0,3.0,0,4,12,2016
2016-12-10,771.0,19.0,51.51,5389.0,0,0.4,0,5,12,2016
2016-12-11,1113.0,18.0,51.51,5559.0,0,8.6,0,6,12,2016
2016-12-12,630.0,16.0,52.74,4509.0,0,13.3,0,0,12,2016
2016-12-13,449.0,15.0,52.99,4604.0,0,13.0,0,1,12,2016
2016-12-14,455.0,13.0,51.01,5186.0,0,22.9,0,2,12,2016
2016-12-15,429.0,15.0,50.9,5125.0,0,10.5,1,3,12,2016
2016-12-16,385.0,14.0,51.93,5473.0,0,12.2,0,4,12,2016
2016-12-17,867.0,17.0,51.93,6379.0,0,16.8,0,5,12,2016
2016-12-18,1115.0,17.0,51.93,6558.0,0,11.8,0,6,12,2016
2016-12-19,579.0,16.0,52.13,5800.0,0,9.3,0,0,12,2016
2016-12-20,512.0,16.0,52.22,6241.0,0,18.6,0,1,12,2016
2016-12-21,623.0,16.0,51.44,7597.0,1,4.6,0,2,12,2016
2016-12-22,493.0,16.0,51.98,7275.0,1,2.6,0,3,12,2016
2016-12-23,604.0,18.0,52.01,8307.0,1,0.6,0,4,12,2016
2016-12-24,562.0,16.0,52.01,7430.0,1,39.4,0,5,12,2016
2016-12-25,0.0,16.0,52.01,0.0,1,39.4,0,6,12,2016
2016-12-26,978.0,18.0,52.01,5665.0,1,25.9,0,0,12,2016
2016-12-27,580.0,13.0,52.82,4675.0,0,15.8,0,1,12,2016
2016-12-28,622.0,16.0,54.01,5196.0,0,3.5,0,2,12,2016
2016-12-29,551.0,17.0,53.8,4802.0,0,5.3,0,3,12,2016
2016-12-30,747.0,19.0,53.75,6360.0,0,20.0,0,4,12,2016
2016-12-31,607.0,17.0,53.75,5598.0,1,16.8,1,5,12,2016
2017-01-01,0.0,0.0,53.75,4246.202702702703,0,2.9,0,6,1,2017
2017-01-02,1439.0,18.0,53.75,5701.0,1,0.0,0,0,1,2017
2017-01-03,893.0,13.0,52.36,4639.0,0,7.0,0,1,1,2017
2017-01-04,738.0,15.0,53.26,4569.0,0,9.9,0,2,1,2017
2017-01-05,744.0,9.0,53.77,4105.0,0,25.8,0,3,1,2017
2017-01-06,718.0,7.0,53.98,4881.0,0,6.5,0,4,1,2017
2017-01-07,1461.0,9.0,53.98,5608.0,0,6.2,0,5,1,2017
2017-01-08,1588.0,7.0,53.98,5305.0,0,34.7,0,6,1,2017
2017-01-09,648.0,6.0,51.95,4115.0,0,30.6,0,0,1,2017
2017-01-10,708.0,5.0,50.82,3899.0,0,42.3,0,1,1,2017
2017-01-11,882.0,6.0,52.19,4271.0,0,5.5,0,2,1,2017
2017-01-12,544.0,5.0,53.01,3838.0,0,20.9,0,3,1,2017
2017-01-13,700.0,7.0,52.36,4550.0,0,9.8,0,4,1,2017
2017-01-14,1085.0,6.0,52.36,5168.0,0,16.6,0,5,1,2017
2017-01-15,1195.0,8.0,52.36,5459.0,0,24.7,1,6,1,2017
2017-01-16,646.0,6.0,52.36,4063.0,0,4.6,0,0,1,2017
2017-01-17,556.0,10.0,52.45,3787.0,0,15.7,0,1,1,2017
2017-01-18,534.0,11.0,51.12,4237.0,0,18.1,0,2,1,2017
2017-01-19,394.0,10.0,51.39,3470.0,0,9.5,0,3,1,2017
2017-01-20,605.0,10.0,52.33,3997.0,0,49.4,0,4,1,2017
2017-01-21,1287.0,13.0,52.33,5486.0,0,24.8,0,5,1,2017
2017-01-22,1220.0,14.0,52.33,5286.0,0,0.0,0,6,1,2017
2017-01-23,621.0,11.0,52.77,3982.0,0,2.2,0,0,1,2017
2017-01-24,578.0,9.0,52.38,3637.0,0,8.3,0,1,1,2017
2017-01-25,449.0,12.0,52.14,3994.0,0,2.0,0,2,1,2017
2017-01-26,364.0,5.0,53.24,3663.0,0,1.6,0,3,1,2017
2017-01-27,472.0,6.0,53.18,4619.0,0,0.0,0,4,1,2017
2017-01-28,960.0,8.0,53.18,5224.0,0,0.0,0,5,1,2017
2017-01-29,1115.0,6.0,53.18,4946.0,0,1.6,0,6,1,2017
2017-01-30,461.0,6.0,52.63,3592.0,0,27.4,0,0,1,2017
2017-01-31,951.0,11.0,52.75,3833.0,0,19.3,1,1,1,2017
2017-02-01,799.0,11.0,53.9,4562.0,0,9.3,0,2,2,2017
2017-02-02,597.0,10.0,53.55,3917.0,0,22.6,0,3,2,2017
2017-02-03,654.0,10.0,53.81,4569.0,0,7.5,0,4,2,2017
2017-02-04,1800.0,12.0,53.81,5381.0,0,0.1,0,5,2,2017
2017-02-05,1211.0,11.0,53.81,5316.0,0,0.0,0,6,2,2017
2017-02-06,556.0,12.0,53.01,3866.0,0,0.1,0,0,2,2017
2017-02-07,512.0,8.0,52.19,3868.0,0,2.9,0,1,2,2017
2017-02-08,515.0,12.0,52.37,4581.0,0,5.7,0,2,2,2017
2017-02-09,434.0,9.0,52.99,3956.0,0,9.0,0,3,2,2017
2017-02-10,445.0,9.0,53.84,4772.0,0,14.1,0,4,2,2017
2017-02-11,658.0,8.0,53.84,5066.0,0,27.8,0,5,2,2017
2017-02-12,828.0,7.0,53.84,4949.0,0,29.8,0,6,2,2017
2017-02-13,441.0,9.0,52.96,4538.0,0,24.6,0,0,2,2017
2017-02-14,290.0,9.0,53.21,4229.0,0,15.4,0,1,2,2017
2017-02-15,464.0,12.0,53.11,3840.0,0,16.4,1,2,2,2017
2017-02-16,437.0,9.0,53.41,3928.0,0,9.1,0,3,2,2017
2017-02-17,529.0,7.0,53.41,4309.0,0,4.1,0,4,2,2017
2017-02-18,1039.0,9.0,53.41,5418.0,0,6.6,0,5,2,2017
2017-02-19,747.0,9.0,53.41,3986.0,0,16.2,0,6,2,2017
2017-02-20,352.0,8.0,53.41,3018.0,0,12.4,0,0,2,2017
2017-02-21,428.0,7.0,54.02,3371.0,0,19.5,0,1,2,2017
2017-02-22,448.0,9.0,53.61,3834.0,0,29.9,0,2,2,2017
2017-02-23,435.0,9.0,54.48,3955.0,0,25.5,0,3,2,2017
2017-02-24,461.0,9.0,53.99,4549.0,0,25.9,0,4,2,2017
2017-02-25,832.0,9.0,53.99,4619.0,0,26.0,0,5,2,2017
2017-02-26,746.0,9.0,53.99,3877.0,0,21.0,0,6,2,2017
2017-02-27,685.0,9.0,54.04,3961.0,1,14.5,0,0,2,2017
2017-02-28,960.0,9.0,54.0,4589.0,1,28.4,1,1,2,2017
2017-03-01,616.0,8.0,53.82,4146.0,0,28.6,0,2,3,2017
2017-03-02,554.0,7.0,52.63,3882.0,0,24.6,0,3,3,2017
2017-03-03,610.0,6.0,53.33,4483.0,0,15.7,0,4,3,2017
2017-03-04,1041.0,6.0,53.33,5382.0,0,16.6,0,5,3,2017
2017-03-05,1174.0,8.0,53.33,5423.0,0,3.3,0,6,3,2017
2017-03-06,476.0,6.0,53.19,3882.0,0,34.2,0,0,3,2017
2017-03-07,444.0,6.0,52.68,3828.0,0,23.9,0,1,3,2017
2017-03-08,446.0,5.0,49.83,4111.0,0,21.6,0,2,3,2017
2017-03-09,420.0,4.0,48.75,3560.0,0,20.3,0,3,3,2017
2017-03-10,477.0,4.0,48.05,4183.0,0,22.3,0,4,3,2017
2017-03-11,911.0,4.0,48.05,5080.0,0,17.0,0,5,3,2017
2017-03-12,1098.0,5.0,48.05,5304.0,0,12.3,0,6,3,2017
2017-03-13,486.0,4.0,47.95,3813.0,0,18.3,0,0,3,2017
2017-03-14,408.0,4.0,47.24,3598.0,0,33.6,0,1,3,2017
2017-03-15,478.0,3.0,48.34,4223.0,0,31.3,1,2,3,2017
2017-03-16,412.0,4.0,48.3,3609.0,0,26.6,0,3,3,2017
2017-03-17,593.0,5.0,48.34,4613.0,0,32.2,0,4,3,2017
2017-03-18,984.0,4.0,48.34,5232.0,0,13.0,0,5,3,2017
2017-03-19,1240.0,4.0,48.34,5464.0,0,37.1,0,6,3,2017
2017-03-20,532.0,4.0,47.79,3949.0,0,21.1,0,0,3,2017
2017-03-21,444.0,5.0,47.02,3795.0,0,21.5,0,1,3,2017
2017-03-22,558.0,4.0,47.29,3962.0,0,25.1,0,2,3,2017
2017-03-23,397.0,4.0,47.0,3714.0,0,32.2,0,3,3,2017
2017-03-24,509.0,5.0,47.3,4212.0,0,30.8,0,4,3,2017
2017-03-25,1072.0,3.0,47.3,5398.0,0,23.8,0,5,3,2017
2017-03-26,959.0,5.0,47.3,4917.0,0,34.7,0,6,3,2017
2017-03-27,526.0,3.0,47.02,3890.0,0,15.0,0,0,3,2017
2017-03-28,313.0,6.0,48.36,3104.0,0,1.2,0,1,3,2017
2017-03-29,484.0,8.0,49.47,4312.0,0,11.8,0,2,3,2017
2017-03-30,411.0,11.0,50.3,3646.0,0,34.9,0,3,3,2017
2017-03-31,563.0,11.0,50.54,4428.0,0,18.1,1,4,3,2017
2017-04-01,1436.0,13.0,50.54,5827.0,0,1.3,0,5,4,2017
2017-04-02,797.0,12.0,50.54,3857.0,0,0.5,0,6,4,2017
2017-04-03,474.0,11.0,50.25,3403.0,0,0.6,0,0,4,2017
2017-04-04,397.0,12.0,50.99,3144.0,0,0.3,0,1,4,2017
2017-04-05,461.0,13.0,51.14,3611.0,0,0.0,0,2,4,2017
2017-04-06,400.0,10.0,51.69,3480.0,0,0.0,0,3,4,2017
2017-04-07,416.0,12.0,52.25,4030.0,0,38.7,0,4,4,2017
2017-04-08,916.0,15.0,52.25,4921.0,0,42.7,0,5,4,2017
2017-04-09,1051.0,13.0,52.25,5517.0,0,34.8,0,6,4,2017
2017-04-10,485.0,8.0,53.06,3424.0,0,25.2,0,0,4,2017
2017-04-11,333.0,8.0,53.38,3738.0,0,9.0,0,1,4,2017
2017-04-12,385.0,13.0,53.12,3827.0,0,16.0,0,2,4,2017
2017-04-13,433.0,12.0,53.19,4423.0,0,0.1,0,3,4,2017
2017-04-14,547.0,15.0,53.19,4357.0,1,17.6,0,4,4,2017
2017-04-15,660.0,16.0,53.19,4619.0,0,0.2,1,5,4,2017
2017-04-16,1015.0,15.0,53.19,4925.0,0,3.2,0,6,4,2017
2017-04-17,518.0,13.0,52.62,3775.0,0,19.1,0,0,4,2017
2017-04-18,393.0,12.0,52.46,3550.0,0,6.8,0,1,4,2017
2017-04-19,515.0,13.0,50.49,4174.0,0,46.0,0,2,4,2017
2017-04-20,331.0,13.0,50.26,3387.0,0,34.7,0,3,4,2017
2017-04-21,479.0,13.0,49.64,4530.0,0,2.8,0,4,4,2017
2017-04-22,732.0,17.0,49.64,5074.0,0,2.5,0,5,4,2017
2017-04-23,1077.0,15.0,49.64,5305.0,0,4.1,0,6,4,2017
2017-04-24,446.0,13.0,48.9,3429.0,0,9.9,0,0,4,2017
2017-04-25,450.0,15.0,49.22,3767.0,0,24.4,0,1,4,2017
2017-04-26,374.0,12.0,49.22,4307.0,0,29.5,0,2,4,2017
2017-04-27,338.0,13.0,48.96,3756.0,0,5.7,0,3,4,2017
2017-04-28,453.0,12.0,49.31,4391.0,0,0.0,0,4,4,2017
2017-04-29,803.0,16.0,49.31,5032.0,0,19.2,0,5,4,2017
2017-04-30,896.0,13.0,49.31,4939.0,0,6.9,1,6,4,2017
2017-05-01,1127.0,12.0,48.83,5394.0,1,25.9,0,0,5,2017
2017-05-02,542.0,10.0,47.65,3968.0,0,9.9,0,1,5,2017
2017-05-03,522.0,10.0,47.79,4363.0,0,7.2,0,2,5,2017
2017-05-04,368.0,7.0,45.55,3687.0,0,12.9,0,3,5,2017
2017-05-05,478.0,9.0,46.23,4286.0,0,23.5,0,4,5,2017
2017-05-06,794.0,8.0,46.23,5233.0,0,36.1,0,5,5,2017
2017-05-07,900.0,8.0,46.23,5245.0,0,22.3,0,6,5,2017
2017-05-08,472.0,8.0,46.46,3888.0,0,17.9,0,0,5,2017
2017-05-09,413.0,6.0,45.84,3666.0,0,38.0,0,1,5,2017
2017-05-10,426.0,13.0,47.28,4205.0,0,14.4,0,2,5,2017
2017-05-11,324.0,10.0,47.81,3576.0,0,20.3,0,3,5,2017
2017-05-12,435.0,11.0,47.83,4683.0,0,42.4,0,4,5,2017
2017-05-13,789.0,13.0,47.83,6398.0,1,15.9,0,5,5,2017
2017-05-14,677.0,12.0,47.83,4717.0,1,9.8,0,6,5,2017
2017-05-15,472.0,11.0,48.86,3494.0,0,24.4,1,0,5,2017
2017-05-16,471.0,13.0,48.64,3890.0,0,12.1,0,1,5,2017
2017-05-17,522.0,13.0,49.04,4389.0,0,29.5,0,2,5,2017
2017-05-18,381.0,11.0,49.36,3778.0,0,4.8,0,3,5,2017
2017-05-19,491.0,11.0,50.32,4601.0,0,6.3,0,4,5,2017
2017-05-20,857.0,12.0,50.32,5369.0,0,11.8,0,5,5,2017
2017-05-21,944.0,12.0,50.32,5659.0,0,5.9,0,6,5,2017
2017-05-22,458.0,13.0,50.81,4101.0,0,7.5,0,0,5,2017
2017-05-23,379.0,11.0,51.12,4094.0,0,0.0,0,1,5,2017
2017-05-24,438.0,11.0,50.99,4200.0,0,0.0,0,2,5,2017
2017-05-25,318.0,10.0,48.57,3981.0,0,0.0,0,3,5,2017
2017-05-26,743.0,13.0,49.58,5395.0,1,0.9,0,4,5,2017
2017-05-27,766.0,11.0,49.58,5034.0,0,0.0,0,5,5,2017
2017-05-28,867.0,13.0,49.58,4784.0,0,0.0,0,6,5,2017
2017-05-29,436.0,10.0,49.58,3927.0,0,0.0,0,0,5,2017
2017-05-30,396.0,12.0,49.63,3904.0,0,0.0,0,1,5,2017
2017-05-31,463.0,10.0,48.29,4409.0,0,0.0,1,2,5,2017
2017-06-01,473.0,4.0,48.32,4165.0,0,0.8,0,3,6,2017
2017-06-02,846.0,12.0,47.68,4630.0,0,7.3,0,4,6,2017
2017-06-03,1370.0,12.0,47.68,5307.0,0,4.3,0,5,6,2017
2017-06-04,1550.0,12.0,47.68,5260.0,0,8.8,0,6,6,2017
2017-06-05,746.0,13.0,47.4,4094.0,0,0.1,0,0,6,2017
2017-06-06,635.0,13.0,48.13,3885.0,0,0.0,0,1,6,2017
2017-06-07,675.0,14.0,45.8,4516.0,0,8.8,0,2,6,2017
2017-06-08,510.0,14.0,45.68,3740.0,0,15.7,0,3,6,2017
2017-06-09,471.0,14.0,45.82,4612.0,0,9.0,0,4,6,2017
2017-06-10,917.0,15.0,45.82,5252.0,0,7.5,0,5,6,2017
2017-06-11,1289.0,13.0,45.82,5472.0,0,9.5,0,6,6,2017
2017-06-12,477.0,14.0,46.1,3755.0,0,33.7,0,0,6,2017
2017-06-13,507.0,13.0,46.41,3789.0,0,15.2,0,1,6,2017
2017-06-14,437.0,16.0,44.79,4170.0,0,2.9,0,2,6,2017
2017-06-15,449.0,12.0,44.47,3922.0,0,0.1,1,3,6,2017
2017-06-16,640.0,13.0,44.73,5033.0,0,1.1,0,4,6,2017
2017-06-17,867.0,13.0,44.73,5867.0,0,9.1,0,5,6,2017
2017-06-18,790.0,14.0,44.73,4771.0,0,13.4,0,6,6,2017
2017-06-19,582.0,14.0,44.24,3942.0,0,6.2,0,0,6,2017
2017-06-20,549.0,11.0,43.34,3807.0,0,11.7,0,1,6,2017
2017-06-21,460.0,14.0,42.48,4099.0,0,0.5,0,2,6,2017
2017-06-22,321.0,8.0,42.53,3706.0,0,7.0,0,3,6,2017
2017-06-23,399.0,11.0,42.86,4465.0,0,2.3,0,4,6,2017
2017-06-24,709.0,11.0,42.86,5061.0,0,2.0,0,5,6,2017
2017-06-25,677.0,11.0,42.86,4960.0,0,0.6,0,6,6,2017
2017-06-26,417.0,8.0,43.24,3926.0,0,9.7,0,0,6,2017
2017-06-27,348.0,9.0,44.25,3828.0,0,14.6,0,1,6,2017
2017-06-28,416.0,8.0,44.74,4139.0,0,11.8,0,2,6,2017
2017-06-29,309.0,7.0,44.88,3778.0,0,13.6,0,3,6,2017
2017-06-30,454.0,6.0,46.02,4612.0,0,0.0,1,4,6,2017
2017-07-01,1059.0,9.0,46.02,5552.0,0,0.0,0,5,7,2017
2017-07-02,1061.0,9.0,46.02,5664.0,0,0.0,0,6,7,2017
2017-07-03,575.0,10.0,46.02,4275.0,0,0.0,0,0,7,2017
2017-07-04,506.0,6.0,46.02,3962.0,0,0.4,0,1,7,2017
2017-07-05,558.0,7.0,45.11,4419.0,0,0.0,0,2,7,2017
2017-07-06,282.0,4.0,45.52,3795.0,0,0.0,0,3,7,2017
2017-07-07,436.0,3.0,44.25,4638.0,0,0.1,0,4,7,2017
2017-07-08,703.0,4.0,44.25,5098.0,0,0.0,0,5,7,2017
2017-07-09,919.0,5.0,44.25,5321.0,0,0.0,0,6,7,2017
2017-07-10,474.0,4.0,44.4,4000.0,0,0.1,0,0,7,2017
2017-07-11,422.0,3.0,45.06,3778.0,0,0.0,0,1,7,2017
2017-07-12,418.0,6.0,45.48,4257.0,0,0.0,0,2,7,2017
2017-07-13,402.0,6.0,46.06,3812.0,0,0.1,0,3,7,2017
2017-07-14,440.0,8.0,46.53,4446.0,0,5.0,0,4,7,2017
2017-07-15,977.0,8.0,46.53,5051.0,0,2.4,1,5,7,2017
2017-07-16,1042.0,10.0,46.53,5063.0,0,1.1,0,6,7,2017
2017-07-17,691.0,9.0,46.02,4116.0,0,1.8,0,0,7,2017
2017-07-18,692.0,8.0,46.4,3803.0,0,1.4,0,1,7,2017
2017-07-19,569.0,8.0,47.1,4389.0,0,1.8,0,2,7,2017
2017-07-20,432.0,7.0,46.73,3800.0,0,0.2,0,3,7,2017
2017-07-21,568.0,7.0,45.78,4538.0,0,0.0,0,4,7,2017
2017-07-22,877.0,8.0,45.78,5233.0,0,0.0,0,5,7,2017
2017-07-23,1120.0,9.0,45.78,5294.0,0,0.0,0,6,7,2017
2017-07-24,556.0,7.0,46.21,3898.0,0,0.0,0,0,7,2017
2017-07-25,494.0,8.0,47.77,3738.0,0,0.8,0,1,7,2017
2017-07-26,532.0,7.0,48.58,4190.0,0,1.1,0,2,7,2017
2017-07-27,367.0,9.0,49.05,3801.0,0,0.0,0,3,7,2017
2017-07-28,580.0,9.0,49.72,4406.0,0,0.0,0,4,7,2017
2017-07-29,1018.0,10.0,49.72,5270.0,0,0.0,0,5,7,2017
2017-07-30,1170.0,9.0,49.72,5123.0,0,0.3,0,6,7,2017
2017-07-31,656.0,8.0,50.21,3990.0,0,0.0,1,0,7,2017
2017-08-01,702.0,7.0,49.19,4063.0,0,0.0,0,1,8,2017
2017-08-02,629.0,14.0,49.6,4643.0,0,1.3,0,2,8,2017
2017-08-03,518.0,11.0,49.03,4169.0,0,1.0,0,3,8,2017
2017-08-04,475.0,11.0,49.57,4515.0,0,0.5,0,4,8,2017
2017-08-05,850.0,15.0,49.57,5037.0,0,0.0,0,5,8,2017
2017-08-06,907.0,16.0,49.57,5015.0,0,0.0,0,6,8,2017
2017-08-07,547.0,11.0,49.37,4049.0,0,0.0,0,0,8,2017
2017-08-08,457.0,14.0,49.07,3690.0,0,0.0,0,1,8,2017
2017-08-09,432.0,14.0,49.59,4239.0,0,0.0,0,2,8,2017
2017-08-10,342.0,13.0,48.54,3974.0,0,0.0,0,3,8,2017
2017-08-11,773.0,15.0,48.81,4418.0,1,1.4,0,4,8,2017
2017-08-12,595.0,14.0,48.81,4277.0,0,3.6,0,5,8,2017
2017-08-13,651.0,15.0,48.81,4392.0,0,0.1,0,6,8,2017
2017-08-14,489.0,13.0,47.59,4039.0,0,0.0,0,0,8,2017
2017-08-15,447.0,10.0,47.57,3815.0,0,0.0,1,1,8,2017
