date,actual,sarima,random_forest,xgboost,lstm,residuals_sarima,residuals_rf,residuals_xgb,residuals_lstm
2016-09-15,354.0,512.9924113215937,399.31,389.0611,385.4746,-158.99241132159375,-45.31,-35.06109619140625,-31.474609375
2016-09-16,433.0,516.7495745604234,431.64,466.4284,642.7185,-83.74957456042341,1.3600000000000136,-33.42840576171875,-209.718505859375
2016-09-17,690.0,707.1694953378426,887.69,837.0047,1108.8108,-17.16949533784259,-197.69000000000005,-147.00469970703125,-418.810791015625
2016-09-18,823.0,692.8407671643002,867.01,910.8834,1132.2988,130.15923283569975,-44.00999999999999,-87.8834228515625,-309.298828125
2016-09-19,459.0,525.2315552708362,552.5,550.8695,656.14886,-66.23155527083622,-93.5,-91.8695068359375,-197.14886474609375
2016-09-20,388.0,591.161104335389,401.59,369.8421,574.7173,-203.16110433538904,-13.589999999999975,18.15789794921875,-186.71728515625
2016-09-21,391.0,695.8918356079789,482.73,493.41476,472.40427,-304.8918356079789,-91.73000000000002,-102.41476440429688,-81.40426635742188
2016-09-22,358.0,564.2931520274894,389.85,439.81366,408.80118,-206.29315202748944,-31.850000000000023,-81.81365966796875,-50.801177978515625
2016-09-23,365.0,516.5421341192412,410.0,390.74115,450.91632,-151.54213411924115,-45.0,-25.74114990234375,-85.91632080078125
2016-09-24,607.0,677.4026702031115,768.78,785.26874,659.3561,-70.40267020311148,-161.77999999999997,-178.26873779296875,-52.3560791015625
2016-09-25,782.0,663.5334984920651,854.52,919.48474,677.2109,118.46650150793494,-72.51999999999998,-137.4847412109375,104.78912353515625
2016-09-26,395.0,515.0595637896869,503.42,545.49115,292.40308,-120.05956378968688,-108.42000000000002,-150.49114990234375,102.596923828125
2016-09-27,350.0,594.3914695657065,362.43,454.3479,333.1683,-244.39146956570653,-12.430000000000007,-104.347900390625,16.831695556640625
2016-09-28,429.0,703.5425044403345,432.77,436.20923,342.91425,-274.5425044403345,-3.769999999999982,-7.209228515625,86.08575439453125
2016-09-29,279.0,573.2513175417582,353.92,386.98898,370.53055,-294.2513175417582,-74.92000000000002,-107.98898315429688,-91.53054809570312
2016-09-30,484.0,521.2932554506971,390.88,480.53693,550.4745,-37.293255450697075,93.12,3.46307373046875,-66.4744873046875
2016-10-01,1083.0,674.1828188643185,936.75,1009.1508,1070.9043,408.8171811356815,146.25,73.84918212890625,12.095703125
2016-10-02,1223.0,659.082088245703,1159.03,1195.0583,1082.9961,563.917911754297,63.97000000000003,27.941650390625,140.00390625
2016-10-03,610.0,514.7532419770529,660.27,732.0089,597.50183,95.24675802294712,-50.26999999999998,-122.0089111328125,12.4981689453125
2016-10-04,435.0,594.0795151015429,444.62,479.0305,535.7777,-159.07951510154294,-9.620000000000005,-44.030487060546875,-100.7777099609375
2016-10-05,493.0,702.108021709101,457.96,443.96844,453.30536,-209.10802170910097,35.04000000000002,49.03155517578125,39.69464111328125
2016-10-06,268.0,575.0005808287643,288.11,349.51804,413.91122,-307.0005808287643,-20.110000000000014,-81.51803588867188,-145.91122436523438
2016-10-07,434.0,523.7875073437589,421.79,476.45514,526.7033,-89.78750734375888,12.20999999999998,-42.45513916015625,-92.70330810546875
2016-10-08,765.0,672.7516822753414,864.16,859.1401,876.31177,92.24831772465859,-99.15999999999997,-94.14007568359375,-111.311767578125
2016-10-09,965.0,657.6418399423047,1176.97,1229.4708,933.3795,307.3581600576953,-211.97000000000003,-264.4708251953125,31.6204833984375
2016-10-10,367.0,516.4392721603467,568.94,680.6883,568.42523,-149.43927216034672,-201.94000000000005,-313.68829345703125,-201.42523193359375
2016-10-11,311.0,594.1624218723397,298.56,335.51212,553.4789,-283.1624218723397,12.439999999999998,-24.512115478515625,-242.4788818359375
2016-10-12,383.0,699.998864607668,426.55,491.40427,491.9098,-316.998864607668,-43.55000000000001,-108.40426635742188,-108.9097900390625
2016-10-13,334.0,575.7858788447129,432.76,460.791,462.46582,-241.7858788447129,-98.75999999999999,-126.79098510742188,-128.4658203125
2016-10-14,319.0,525.6858986985079,422.46,489.72922,591.28467,-206.6858986985079,-103.45999999999998,-170.72921752929688,-272.28466796875
2016-10-15,672.0,671.3187035069235,764.36,840.2596,934.56006,0.681296493076502,-92.36000000000001,-168.25958251953125,-262.56005859375
2016-10-16,933.0,656.4984793936935,1064.93,1143.69,1090.1173,276.5015206063065,-131.93000000000006,-210.68994140625,-157.1173095703125
2016-10-17,420.0,518.3737132333176,474.25,560.7703,605.7868,-98.37371323331763,-54.25,-140.77032470703125,-185.78680419921875
2016-10-18,400.0,594.384458247616,498.59,564.2438,540.30615,-194.38445824761595,-98.58999999999997,-164.2437744140625,-140.30615234375
2016-10-19,442.0,697.920023447033,455.9,590.0112,462.9043,-255.92002344703303,-13.899999999999977,-148.01123046875,-20.904296875
2016-10-20,308.0,576.4598222777967,352.92,409.56506,428.1308,-268.45982227779666,-44.920000000000016,-101.5650634765625,-120.13079833984375
2016-10-21,382.0,527.4569359630902,443.88,375.2989,550.4849,-145.45693596309025,-61.879999999999995,6.70111083984375,-168.48492431640625
2016-10-22,652.0,669.8829952409473,757.99,763.06903,845.5255,-17.882995240947253,-105.99000000000001,-111.06903076171875,-193.5255126953125
2016-10-23,809.0,655.3929058339199,892.32,998.0374,817.09045,153.60709416608006,-83.32000000000005,-189.03741455078125,-8.0904541015625
2016-10-24,397.0,520.2974023522287,426.49,503.0934,366.98996,-123.29740235222869,-29.49000000000001,-106.09341430664062,30.010040283203125
2016-10-25,331.0,594.6267467727417,357.0,524.556,386.41895,-263.62674677274174,-26.0,-193.5560302734375,-55.4189453125
2016-10-26,398.0,695.8944363992284,467.79,431.1859,376.47095,-297.8944363992284,-69.79000000000002,-33.1859130859375,21.529052734375
2016-10-27,319.0,577.1126091092764,368.39,432.35233,378.46738,-258.1126091092764,-49.389999999999986,-113.35232543945312,-59.467376708984375
2016-10-28,404.0,529.1786962846085,389.04,367.83517,516.2445,-125.17869628460846,14.95999999999998,36.164825439453125,-112.2445068359375
2016-10-29,799.0,668.4719044814924,736.84,797.2138,832.4452,130.5280955185076,62.15999999999997,1.78619384765625,-33.4451904296875
2016-10-30,859.0,654.3101667522783,974.46,972.54596,935.2762,204.6898332477217,-115.46000000000004,-113.54595947265625,-76.27618408203125
2016-10-31,465.0,522.181282556606,530.21,535.6743,464.13156,-57.18128255660599,-65.21000000000004,-70.67431640625,0.868438720703125
2016-11-01,579.0,594.867156880738,454.09,480.39148,528.774,-15.86715688073798,124.91000000000003,98.6085205078125,50.22601318359375
2016-11-02,943.0,693.9152947239843,637.14,895.9891,486.07294,249.0847052760157,305.86,47.01092529296875,456.92706298828125
2016-11-03,709.0,577.7510122333816,656.42,752.2682,509.57428,131.24898776661837,52.58000000000004,-43.2681884765625,199.42572021484375
2016-11-04,832.0,530.8617223518897,674.26,953.45276,737.8181,301.13827764811026,157.74,-121.4527587890625,94.181884765625
2016-11-05,901.0,667.0909269680792,833.84,816.5363,1173.5725,233.9090730319208,67.15999999999997,84.46368408203125,-272.572509765625
2016-11-06,1283.0,653.250614381925,1029.66,1101.4501,1118.419,629.749385618075,253.33999999999992,181.5499267578125,164.5810546875
2016-11-07,693.0,524.0237505965304,530.94,560.51404,662.9054,168.97624940346964,162.05999999999995,132.4859619140625,30.0946044921875
2016-11-08,640.0,595.1027602715646,508.38,589.9663,500.45953,44.89723972843535,131.62,50.03369140625,139.54046630859375
2016-11-09,635.0,691.9799617838991,692.33,756.25,410.08234,-56.97996178389906,-57.33000000000004,-121.25,224.91766357421875
2016-11-10,367.0,578.3753636551069,477.03,495.14594,364.03702,-211.37536365510687,-110.02999999999997,-128.14593505859375,2.962982177734375
2016-11-11,471.0,532.5077696495928,430.18,435.7345,498.12033,-61.507769649592774,40.81999999999999,35.2655029296875,-27.120330810546875
2016-11-12,985.0,665.7403026612005,997.6,1049.4691,850.5433,319.25969733879947,-12.600000000000023,-64.4691162109375,134.45672607421875
2016-11-13,1485.0,652.2141515794875,1045.73,1093.5984,796.8625,832.7858484205125,439.27,391.401611328125,688.1375122070312
2016-11-14,589.0,525.8256311332815,629.83,584.5008,376.40283,63.17436886671851,-40.83000000000004,4.49920654296875,212.59716796875
2016-11-15,422.0,595.333345394351,349.38,340.97607,540.7318,-173.333345394351,72.62,81.02392578125,-118.7318115234375
2016-11-16,668.0,690.0872065458987,487.47,493.53088,543.70166,-22.087206545898653,180.52999999999997,174.4691162109375,124.29833984375
2016-11-17,488.0,578.9858790347344,518.98,507.67807,516.2108,-90.98587903473435,-30.980000000000018,-19.678070068359375,-28.2108154296875
2016-11-18,558.0,534.1177008252733,546.96,586.1066,626.72644,23.882299174726654,11.039999999999964,-28.10662841796875,-68.7264404296875
2016-11-19,1122.0,664.4194666499668,1073.09,1131.5858,877.2812,457.5805333500332,48.91000000000008,-9.5858154296875,244.71881103515625
2016-11-20,1200.0,651.2003504044384,1238.6,1108.3591,847.6676,548.7996495955616,-38.59999999999991,91.640869140625,352.3323974609375
2016-11-21,501.0,527.5878374357259,698.7,765.30365,420.2191,-26.587837435725874,-197.70000000000005,-264.30364990234375,80.78091430664062
2016-11-22,600.0,595.5589967972053,547.57,647.8441,399.42102,4.441003202794718,52.42999999999995,-47.8441162109375,200.5789794921875
2016-11-23,651.0,688.2360593316038,694.55,734.1264,375.87424,-37.23605933160377,-43.549999999999955,-83.12640380859375,275.1257629394531
2016-11-24,440.0,579.5828440601651,606.07,592.1817,372.51382,-139.58284406016514,-166.07000000000005,-152.18170166015625,67.48617553710938
2016-11-25,531.0,535.6923054688691,621.15,848.9942,564.1674,-4.692305468869108,-90.14999999999998,-317.99420166015625,-33.16741943359375
2016-11-26,809.0,663.1277706669567,1103.47,1085.5575,1041.8892,145.87222933304326,-294.47,-276.5574951171875,-232.88916015625
2016-11-27,1124.0,650.2087257202204,1060.29,1010.49164,943.9682,473.7912742797796,63.710000000000036,113.50836181640625,180.03179931640625
2016-11-28,503.0,529.3112486313873,798.39,814.02545,429.4196,-26.311248631387343,-295.39,-311.02545166015625,73.58041381835938
2016-11-29,456.0,595.7798198763021,499.48,556.036,470.05673,-139.7798198763021,-43.48000000000002,-100.0360107421875,-14.056732177734375
2016-11-30,568.0,686.4256023200307,570.99,654.1596,508.57343,-118.42560232003075,-2.990000000000009,-86.15960693359375,59.42657470703125
2016-12-01,552.0,580.1665563076343,585.97,625.01904,570.68134,-28.166556307634323,-33.97000000000003,-73.01904296875,-18.68133544921875
2016-12-02,598.0,537.2323573221051,582.29,667.70435,789.64044,60.767642677894855,15.710000000000036,-69.704345703125,-191.64044189453125
2016-12-03,906.0,661.8645721598034,961.32,1001.7177,1144.4065,244.1354278401966,-55.32000000000005,-95.71771240234375,-238.406494140625
2016-12-04,1203.0,649.23879354128,1028.78,1038.3525,1079.0646,553.76120645872,174.22000000000003,164.6474609375,123.9354248046875
2016-12-05,456.0,530.9967197178302,651.35,850.11926,587.8169,-74.99671971783016,-195.35000000000002,-394.1192626953125,-131.81689453125
2016-12-06,1049.0,595.9959181948353,508.59,507.72473,497.12595,453.0040818051647,540.4100000000001,541.2752685546875,551.8740539550781
2016-12-07,563.0,684.6549409248056,716.48,952.1266,415.40634,-121.6549409248056,-153.48000000000002,-389.1265869140625,147.59365844726562
2016-12-08,488.0,580.7373095968716,569.25,582.1593,378.1769,-92.73730959687157,-81.25,-94.1593017578125,109.82308959960938
2016-12-09,557.0,538.7386143253109,607.56,598.1146,534.07544,18.26138567468911,-50.559999999999945,-41.1146240234375,22.924560546875
2016-12-10,771.0,660.6292423619449,1023.57,1007.0658,872.1494,110.37075763805512,-252.57000000000005,-236.0657958984375,-101.1494140625
2016-12-11,1113.0,648.2900794262673,1087.89,1043.0917,844.13214,464.7099205737327,25.1099999999999,69.9083251953125,268.86785888671875
2016-12-12,630.0,532.6450860367951,656.16,906.89825,418.25595,97.35491396320492,-26.159999999999968,-276.89825439453125,211.74404907226562
2016-12-13,449.0,596.2073928400708,678.57,1044.4998,377.38873,-147.20739284007084,-229.57000000000005,-595.499755859375,71.61126708984375
2016-12-14,455.0,682.9232004185934,545.0,547.4759,378.0895,-227.9232004185934,-90.0,-92.47589111328125,76.91049194335938
2016-12-15,429.0,581.295391568212,501.36,478.90833,435.16257,-152.29539156821204,-72.36000000000001,-49.9083251953125,-6.162567138671875
2016-12-16,385.0,540.2118180237087,546.8,540.21246,702.7388,-155.2118180237087,-161.79999999999995,-155.21246337890625,-317.73876953125
2016-12-17,867.0,659.4211664270131,814.08,832.4216,1171.0192,207.57883357298692,52.91999999999996,34.57843017578125,-304.0191650390625
2016-12-18,1115.0,647.362119230376,1043.9,957.9669,1192.2096,467.63788076962396,71.09999999999991,157.0330810546875,-77.2095947265625
2016-12-19,579.0,534.2571644318344,749.51,1051.2972,639.42444,44.74283556816556,-170.51,-472.2972412109375,-60.4244384765625
2016-12-20,512.0,596.414342675109,649.34,613.65326,591.88464,-84.41434267510897,-137.34000000000003,-101.65325927734375,-79.8846435546875
2016-12-21,623.0,681.2295252960851,561.97,553.4972,516.0949,-58.22952529608506,61.02999999999997,69.5028076171875,106.90509033203125
2016-12-22,493.0,581.8410835081919,625.59,877.6865,527.9736,-88.8410835081919,-132.59000000000003,-384.6865234375,-34.97357177734375
2016-12-23,604.0,541.6526937242825,595.15,642.50024,690.56995,62.34730627571753,8.850000000000023,-38.500244140625,-86.5699462890625
2016-12-24,562.0,658.2397430897212,1149.5,1261.0188,1064.9093,-96.23974308972117,-587.5,-699.018798828125,-502.9093017578125
2016-12-25,0.0,646.4544589599872,566.48,700.98395,1127.7633,-646.4544589599872,-566.48,-700.9839477539062,-1127.7633056640625
2016-12-26,978.0,535.8337537535951,671.71,712.18866,1067.1664,442.16624624640485,306.28999999999996,265.81134033203125,-89.1663818359375
2016-12-27,580.0,596.6168644409905,644.16,882.6065,754.91345,-16.616864440990526,-64.15999999999997,-302.60650634765625,-174.9134521484375
2016-12-28,622.0,679.5730788522554,623.86,571.6954,616.90607,-57.573078852255435,-1.8600000000000136,50.30462646484375,5.09393310546875
2016-12-29,551.0,582.374660461178,639.77,842.86395,542.6889,-31.374660461177996,-88.76999999999998,-291.86395263671875,8.31109619140625
2016-12-30,747.0,543.0619508220824,603.13,638.7681,638.86115,203.9380491779176,143.87,108.23187255859375,108.13885498046875
2016-12-31,607.0,657.0843843522945,1249.93,936.89014,919.3077,-50.08438435229448,-642.9300000000001,-329.89013671875,-312.30767822265625
2017-01-01,0.0,645.566654553154,600.56,759.0235,1037.2346,-645.566654553154,-600.56,-759.0234985351562,-1037.234619140625
2017-01-02,1439.0,537.3756352661651,758.8,998.09467,608.62897,901.6243647338349,680.2,440.90533447265625,830.3710327148438
2017-01-03,893.0,596.8150528109243,1079.92,1312.1802,590.242,296.18494718907573,-186.92000000000007,-419.18017578125,302.75799560546875
2017-01-04,738.0,677.9530427724491,816.23,1001.1313,524.5983,60.046957227550934,-78.23000000000002,-263.13128662109375,213.40167236328125
2017-01-05,744.0,582.8963913663188,677.54,624.73676,498.0367,161.10360863368123,66.46000000000004,119.26324462890625,245.96328735351562
2017-01-06,718.0,544.4402831459453,854.04,934.23474,799.4223,173.55971685405473,-136.03999999999996,-216.2347412109375,-81.42230224609375
2017-01-07,1461.0,655.9545151892027,1038.37,1123.6859,1154.0228,805.0454848107973,422.6300000000001,337.3140869140625,306.9771728515625
2017-01-08,1588.0,644.6982716616656,1348.9,1277.8575,919.17175,943.3017283383344,239.0999999999999,310.1424560546875,668.8282470703125
2017-01-09,648.0,538.8835730349405,688.74,615.68036,441.49863,109.11642696505953,-40.74000000000001,32.31964111328125,206.50137329101562
2017-01-10,708.0,597.009000435535,543.53,569.363,389.81915,110.99099956446503,164.47000000000003,138.63702392578125,318.18084716796875
2017-01-11,882.0,676.3686167288741,799.13,627.11084,362.79968,205.63138327112586,82.87,254.88916015625,519.2003173828125
2017-01-12,544.0,583.4065391931551,527.93,606.5098,347.68414,-39.40653919315514,16.07000000000005,-62.50982666015625,196.31585693359375
2017-01-13,700.0,545.7883692997765,612.36,685.691,495.74466,154.2116307002235,87.63999999999999,14.30902099609375,204.25534057617188
2017-01-14,1085.0,654.8495732606342,953.37,1085.276,850.2637,430.1504267393658,131.63,-0.2760009765625,234.736328125
2017-01-15,1195.0,643.8488854383806,1170.35,1224.0327,941.8043,551.1511145616194,24.65000000000009,-29.03271484375,253.1956787109375
2017-01-16,646.0,540.3583143052315,622.98,773.7368,635.70636,105.64168569476851,23.019999999999982,-127.73681640625,10.29364013671875
2017-01-17,556.0,597.1987979861406,598.43,725.5682,599.72266,-41.19879798614056,-42.42999999999995,-169.56817626953125,-43.72265625
2017-01-18,534.0,674.8190179853545,653.57,708.7175,531.156,-140.81901798535455,-119.57000000000005,-174.717529296875,2.843994140625
2017-01-19,394.0,583.9053610741631,361.96,654.2822,484.7295,-189.90536107416312,32.04000000000002,-260.2822265625,-90.7294921875
2017-01-20,605.0,547.1068729966225,460.07,821.1772,540.3079,57.89312700337746,144.93,-216.17718505859375,64.69207763671875
2017-01-21,1287.0,653.7690086326055,1167.28,1123.9341,782.4684,633.2309913673945,119.72000000000003,163.06591796875,504.5316162109375
2017-01-22,1220.0,643.0180803293749,1293.92,1292.6162,859.34644,576.9819196706251,-73.92000000000007,-72.6162109375,360.653564453125
2017-01-23,621.0,541.8005898725218,608.22,688.44434,469.29126,79.19941012747825,12.779999999999973,-67.4443359375,151.708740234375
2017-01-24,578.0,597.3845341970036,545.09,501.01843,500.6722,-19.38453419700363,32.90999999999997,76.9815673828125,77.32778930664062
2017-01-25,449.0,673.3034810106723,605.84,726.63654,488.21588,-224.30348101067227,-156.84000000000003,-277.63653564453125,-39.21588134765625
2017-01-26,364.0,584.3931084343133,396.28,376.5602,443.99103,-220.39310843431326,-32.27999999999997,-12.560211181640625,-79.99102783203125
2017-01-27,472.0,548.3964433854235,564.95,517.33997,501.2687,-76.39644338542348,-92.95000000000005,-45.3399658203125,-29.268707275390625
2017-01-28,960.0,652.7122835032776,983.16,930.00214,668.39343,307.2877164967224,-23.159999999999968,29.99786376953125,291.6065673828125
2017-01-29,1115.0,642.2054498706631,1090.76,1045.1149,652.69226,472.7945501293369,24.24000000000001,69.8851318359375,462.3077392578125
2017-01-30,461.0,543.2111144445881,655.57,511.86627,401.71115,-82.21111444458813,-194.57000000000005,-50.86627197265625,59.288848876953125
2017-01-31,951.0,597.5662959066784,463.69,675.69354,410.5405,353.4337040933216,487.31,275.30645751953125,540.4595031738281
2017-02-01,799.0,671.8212571003988,790.48,1052.5474,464.77817,127.17874289960116,8.519999999999982,-253.54736328125,334.2218322753906
2017-02-02,597.0,584.8700271177476,505.36,564.35547,493.8952,12.129972882252446,91.63999999999999,32.64453125,103.10479736328125
2017-02-03,654.0,549.657715370595,672.66,739.2733,669.1326,104.34228462940496,-18.659999999999968,-85.2733154296875,-15.13262939453125
2017-02-04,1800.0,651.6788719353141,1067.74,1041.0654,1015.87085,1148.321128064686,732.26,758.9345703125,784.129150390625
2017-02-05,1211.0,641.4105964893698,1297.89,1261.465,1051.4331,569.5894035106302,-86.8900000000001,-50.4649658203125,159.56689453125
2017-02-06,556.0,544.5905869956496,620.67,638.9585,592.8871,11.409413004350426,-64.66999999999996,-82.95849609375,-36.8870849609375
2017-02-07,512.0,597.7441680984751,481.83,478.11978,536.28864,-85.74416809847514,30.170000000000016,33.880218505859375,-24.28863525390625
2017-02-08,515.0,670.3716140070378,583.57,736.0168,463.1165,-155.3716140070378,-68.57000000000005,-221.01678466796875,51.883514404296875
2017-02-09,434.0,585.3363575116443,407.31,477.88837,423.55298,-151.33635751164434,26.689999999999998,-43.88836669921875,10.447021484375
2017-02-10,445.0,550.891309924597,556.03,662.1849,498.33298,-105.89130992459695,-111.02999999999997,-217.18487548828125,-53.332977294921875
2017-02-11,658.0,650.6682595941428,964.05,845.7367,696.3811,7.331740405857204,-306.04999999999995,-187.7366943359375,-38.381103515625
2017-02-12,828.0,640.6331313092511,872.32,825.9809,655.32526,187.3668686907489,-44.32000000000005,2.01910400390625,172.67474365234375
2017-02-13,441.0,545.9396911127217,685.63,960.9838,272.65475,-104.93969111272168,-244.63,-519.9838256835938,168.34524536132812
2017-02-14,290.0,597.9182339400617,510.33,628.4595,322.54834,-307.91823394006167,-220.32999999999998,-338.45947265625,-32.54833984375
2017-02-15,464.0,668.9538355782959,542.88,603.36115,392.12134,-204.95383557829587,-78.88,-139.36114501953125,71.878662109375
2017-02-16,437.0,585.7923346673331,431.5,474.53287,473.08353,-148.79233466733308,5.5,-37.532867431640625,-36.083526611328125
2017-02-17,529.0,552.0978343936426,471.22,457.88074,700.6386,-23.097834393642643,57.77999999999997,71.1192626953125,-171.63861083984375
2017-02-18,1039.0,649.679943491991,1015.87,1137.0782,1106.5018,389.320056508009,23.129999999999995,-98.0782470703125,-67.5018310546875
2017-02-19,747.0,639.8726739604681,818.63,879.3292,1145.4083,107.12732603953191,-71.63,-132.3292236328125,-398.4083251953125
2017-02-20,352.0,547.2590953343456,357.43,379.97748,647.0884,-195.2590953343456,-5.430000000000007,-27.97747802734375,-295.08837890625
2017-02-21,428.0,598.0885748222203,399.94,374.82993,597.61475,-170.08857482222027,28.060000000000002,53.170074462890625,-169.61474609375
2017-02-22,448.0,667.5672214033053,439.81,440.0825,514.42194,-219.56722140330533,8.189999999999998,7.917510986328125,-66.42193603515625
2017-02-23,435.0,586.2381884187221,457.11,474.59427,454.38162,-151.23818841872207,-22.110000000000014,-39.594268798828125,-19.381622314453125
2017-02-24,461.0,553.277882796701,530.69,554.19745,468.45444,-92.27788279670096,-69.69000000000005,-93.19744873046875,-7.454437255859375
2017-02-25,832.0,648.7134317375682,681.4,786.74335,601.2003,183.28656826243184,150.60000000000002,45.25665283203125,230.7996826171875
2017-02-26,746.0,639.1288523935227,673.77,823.4197,617.1575,106.87114760647728,72.23000000000002,-77.419677734375,128.842529296875
2017-02-27,685.0,548.5494534818611,584.77,558.8481,318.15732,136.45054651813894,100.23000000000002,126.15191650390625,366.8426818847656
2017-02-28,960.0,598.2552703967784,701.95,1055.8954,445.80066,361.7447296032216,258.04999999999995,-95.8953857421875,514.1993408203125
2017-03-01,616.0,666.2110864666226,576.98,520.12836,705.71545,-50.211086466622646,39.01999999999998,95.87164306640625,-89.7154541015625
2017-03-02,554.0,586.6741434980979,476.18,449.87762,916.07654,-32.67414349809792,77.82,104.12237548828125,-362.0765380859375
2017-03-03,610.0,554.4320361179366,595.16,557.0536,1010.1193,55.567963882063395,14.840000000000032,52.9464111328125,-400.11932373046875
2017-03-04,1041.0,647.7682432912693,1068.53,1110.1685,1082.6655,393.2317567087307,-27.529999999999973,-69.16845703125,-41.66552734375
2017-03-05,1174.0,638.4013026972623,1221.01,1241.2808,949.0494,535.5986973027377,-47.00999999999999,-67.28076171875,224.95062255859375
2017-03-06,476.0,549.811404983387,554.77,515.687,629.00696,-73.81140498338698,-78.76999999999998,-39.68701171875,-153.0069580078125
2017-03-07,444.0,598.4183986137307,441.07,431.0012,431.61255,-154.4183986137307,2.930000000000007,12.998809814453125,12.387451171875
2017-03-08,446.0,664.8847608098323,641.88,543.6915,354.43234,-218.8847608098323,-195.88,-97.6915283203125,91.56765747070312
2017-03-09,420.0,587.1004196493551,393.21,312.33685,343.25934,-167.1004196493551,26.79000000000002,107.66314697265625,76.74066162109375
2017-03-10,477.0,555.5608625927346,449.09,513.0947,460.3127,-78.56086259273457,27.910000000000025,-36.0947265625,16.687286376953125
2017-03-11,911.0,646.8439077257807,863.2,866.66925,683.36115,264.1560922742193,47.799999999999955,44.33074951171875,227.63885498046875
2017-03-12,1098.0,637.6896689208654,1098.97,1160.485,603.755,460.3103310791346,-0.9700000000000273,-62.4849853515625,494.2449951171875
2017-03-13,486.0,551.0455751906696,517.58,598.2654,254.0068,-65.04557519066964,-31.58000000000004,-112.265380859375,231.99319458007812
2017-03-14,408.0,598.5780357575683,440.36,438.08594,295.05835,-190.57803575756827,-32.360000000000014,-30.0859375,112.941650390625
2017-03-15,478.0,663.5875892005882,459.22,472.2517,407.26965,-185.58758920058824,18.779999999999973,5.748291015625,70.7303466796875
2017-03-16,412.0,587.5172317387126,404.7,360.4947,504.52298,-175.51723173871255,7.300000000000011,51.50531005859375,-92.52297973632812
2017-03-17,593.0,556.6649179874472,509.54,518.5789,640.8408,36.33508201255279,83.45999999999998,74.42108154296875,-47.8408203125
2017-03-18,984.0,645.9399649919649,937.34,963.02856,878.94165,338.06003500803513,46.65999999999997,20.971435546875,105.058349609375
2017-03-19,1240.0,636.9936028997215,1142.96,1165.1918,893.4995,603.0063971002785,97.03999999999996,74.8082275390625,346.50048828125
2017-03-20,532.0,552.2525756889568,547.72,579.6804,479.3648,-20.252575688956767,-15.720000000000027,-47.680419921875,52.63519287109375
2017-03-21,444.0,598.7342564828343,539.5,419.75546,482.25662,-154.73425648283433,-95.5,24.244537353515625,-38.256622314453125
2017-03-22,558.0,662.3189308089297,441.59,439.9095,434.5253,-104.31893080892974,116.41000000000003,118.09051513671875,123.47470092773438
2017-03-23,397.0,587.9247898629726,421.93,379.27466,387.14835,-190.9247898629726,-24.930000000000007,17.725341796875,9.851654052734375
2017-03-24,509.0,557.7447458730034,475.93,567.9973,419.58273,-48.74474587300335,33.06999999999999,-58.997314453125,89.41726684570312
2017-03-25,1072.0,645.0559651899105,1015.73,1194.445,590.3817,426.94403481008953,56.26999999999998,-122.4449462890625,481.6182861328125
2017-03-26,959.0,636.3127640851179,1043.78,1045.1895,623.1746,322.6872359148821,-84.77999999999997,-86.189453125,335.82537841796875
2017-03-27,526.0,553.4330046000489,467.31,519.66644,288.72104,-27.43300460004889,58.69,6.33355712890625,237.27896118164062
2017-03-28,313.0,598.8871338489203,283.96,261.0425,312.0674,-285.88713384892026,29.04000000000002,51.957489013671875,0.932586669921875
2017-03-29,484.0,661.0781588907124,430.59,447.67233,332.84012,-177.07815889071242,53.410000000000025,36.327667236328125,151.15988159179688
2017-03-30,411.0,588.3232994553789,406.22,422.6315,383.59082,-177.3232994553789,4.779999999999973,-11.631500244140625,27.4091796875
2017-03-31,563.0,558.8008778925146,516.35,512.3361,455.86972,4.199122107485437,46.64999999999998,50.66387939453125,107.13027954101562
2017-04-01,1436.0,644.191468345034,1105.13,1009.28235,912.22723,791.808531654966,330.8699999999999,426.7176513671875,523.7727661132812
2017-04-02,797.0,635.6468193776536,885.67,625.5185,1105.8926,161.35318062234637,-88.66999999999996,171.48150634765625,-308.892578125
2017-04-03,474.0,554.5874468786809,433.47,526.3794,687.88794,-80.58744687868091,40.52999999999997,-52.37939453125,-213.887939453125
2017-04-04,397.0,599.0367393541209,283.68,356.5983,712.576,-202.03673935412087,113.32,40.401702880859375,-315.57598876953125
2017-04-05,461.0,659.864660477997,407.27,407.1011,664.52734,-198.86466047799695,53.73000000000002,53.898895263671875,-203.52734375
2017-04-06,400.0,588.7129613891232,488.63,438.7997,595.69836,-188.71296138912317,-88.63,-38.799713134765625,-195.6983642578125
2017-04-07,416.0,559.8338340230076,577.88,910.28894,567.9593,-143.83383402300763,-161.88,-494.2889404296875,-151.95928955078125
2017-04-08,916.0,643.3460441891195,819.56,753.0154,653.99835,272.65395581088046,96.44000000000005,162.984619140625,262.00164794921875
2017-04-09,1051.0,634.9954429642955,1106.34,1132.8394,687.39105,416.00455703570447,-55.33999999999992,-81.83935546875,363.60894775390625
2017-04-10,485.0,555.7164746023784,401.98,507.20734,380.4862,-70.71647460237841,83.01999999999998,-22.20733642578125,104.5137939453125
2017-04-11,333.0,599.1831429689623,359.77,371.1422,358.16867,-266.18314296896233,-26.769999999999982,-38.1422119140625,-25.168670654296875
2017-04-12,385.0,658.6778360762437,430.18,433.6532,336.71622,-273.6778360762437,-45.18000000000001,-48.6531982421875,48.283782958984375
2017-04-13,433.0,589.0939720785567,556.19,492.63483,343.60733,-156.0939720785567,-123.19000000000005,-59.63482666015625,89.39266967773438
2017-04-14,547.0,560.8441228314158,549.77,661.7649,500.97012,-13.844122831415802,-2.769999999999982,-114.764892578125,46.029876708984375
2017-04-15,660.0,642.5192719461895,727.82,641.3016,1018.1706,17.48072805381048,-67.82000000000005,18.69842529296875,-358.17059326171875
2017-04-16,1015.0,634.3583161589996,871.69,906.6306,1394.6426,380.6416838410004,143.30999999999995,108.369384765625,-379.642578125
2017-04-17,518.0,556.8206472549339,561.04,618.4364,877.53455,-38.820647254933874,-43.039999999999964,-100.4364013671875,-359.5345458984375
2017-04-18,393.0,599.3264131688195,379.82,502.74857,821.5556,-206.3264131688195,13.180000000000007,-109.74856567382812,-428.55560302734375
2017-04-19,515.0,657.5170993681621,472.28,595.30164,707.3201,-142.51709936816212,42.72000000000003,-80.3016357421875,-192.32012939453125
2017-04-20,331.0,589.4665235781537,307.73,306.6203,615.9114,-258.46652357815367,23.269999999999982,24.37969970703125,-284.911376953125
2017-04-21,479.0,561.832241724951,537.34,513.85443,596.5082,-82.83224172495102,-58.34000000000003,-34.85443115234375,-117.5081787109375
2017-04-22,732.0,641.7107401230985,878.74,966.2338,685.6058,90.2892598769015,-146.74,-234.23382568359375,46.39422607421875
2017-04-23,1077.0,633.7351272468172,1064.46,1054.8582,675.72174,443.2648727531828,12.539999999999964,22.141845703125,401.27825927734375
2017-04-24,446.0,557.9005120036413,433.57,492.57013,395.7986,-111.90051200364132,12.430000000000007,-46.57012939453125,50.201385498046875
2017-04-25,450.0,599.4666169658371,400.32,473.5812,365.44824,-149.46661696583715,49.68000000000001,-23.581207275390625,84.5517578125
2017-04-26,374.0,656.3818769240702,501.44,675.8249,365.9484,-282.3818769240702,-127.44,-301.82489013671875,8.051605224609375
2017-04-27,338.0,589.8308036792799,362.13,375.90555,389.51077,-251.83080367927994,-24.129999999999995,-37.905548095703125,-51.510772705078125
2017-04-28,453.0,562.7986771959837,469.93,425.93335,530.7952,-109.79867719598371,-16.930000000000007,27.066650390625,-77.79522705078125
2017-04-29,803.0,640.9200463047473,864.07,914.4086,737.3031,162.0799536952527,-61.07000000000005,-111.40863037109375,65.6968994140625
2017-04-30,896.0,633.125571331412,1008.56,1137.033,796.5588,262.87442866858805,-112.55999999999995,-241.032958984375,99.44122314453125
2017-05-01,1127.0,558.9566039704297,747.11,1172.0183,473.97662,568.0433960295703,379.89,-45.018310546875,653.0233764648438
2017-05-02,542.0,599.6038199401711,552.81,609.5019,607.93677,-57.60381994017109,-10.809999999999945,-67.50189208984375,-65.936767578125
2017-05-03,522.0,655.2716079186204,584.51,667.53955,601.07184,-133.27160791862036,-62.50999999999999,-145.53955078125,-79.07183837890625
2017-05-04,368.0,590.1869960048134,368.76,326.43964,602.8717,-222.1869960048134,-0.7599999999999909,41.56036376953125,-234.8717041015625
2017-05-05,478.0,563.7439050615486,430.51,446.51324,676.80206,-85.74390506154862,47.49000000000001,31.48675537109375,-198.80206298828125
2017-05-06,794.0,640.1467969538145,946.19,948.0651,853.1106,153.8532030461855,-152.19000000000005,-154.06512451171875,-59.110595703125
2017-05-07,900.0,632.5293501859114,1010.96,1089.0017,772.1524,267.4706498140886,-110.96000000000004,-189.001708984375,127.84759521484375
2017-05-08,472.0,559.9894464970263,549.18,542.79504,394.13754,-87.98944649702628,-77.17999999999995,-70.7950439453125,77.86245727539062
2017-05-09,413.0,599.7380862705622,441.83,475.3332,336.57895,-186.73808627056223,-28.829999999999984,-62.33319091796875,76.42105102539062
2017-05-10,426.0,654.1857438537512,461.73,518.9153,336.1649,-228.1857438537512,-35.73000000000002,-92.915283203125,89.83511352539062
2017-05-11,324.0,590.5352801016646,403.41,376.96652,337.9406,-266.5352801016646,-79.41000000000003,-52.966522216796875,-13.94061279296875
2017-05-12,435.0,564.6683906975957,509.34,580.18066,477.35516,-129.66839069759567,-74.33999999999997,-145.1806640625,-42.35516357421875
2017-05-13,789.0,639.3906072149057,960.03,1023.7351,825.6393,149.60939278509431,-171.02999999999997,-234.735107421875,-36.6392822265625
2017-05-14,677.0,631.9461721070218,831.45,859.80066,951.0922,45.053827892978234,-154.45000000000005,-182.8006591796875,-274.09222412109375
2017-05-15,472.0,560.9995514042843,531.76,618.37665,816.9829,-88.99955140428426,-59.75999999999999,-146.37664794921875,-344.98291015625
2017-05-16,471.0,599.8694787642587,450.11,464.83942,1064.1941,-128.8694787642587,20.889999999999986,6.16058349609375,-593.194091796875
2017-05-17,522.0,653.1237482877295,521.63,603.4651,1049.058,-131.12374828772954,0.37000000000000455,-81.465087890625,-527.0579833984375
2017-05-18,381.0,590.8758315312438,394.16,475.8877,972.41223,-209.87583153124376,-13.160000000000025,-94.8876953125,-591.4122314453125
2017-05-19,491.0,565.5725892680993,524.37,604.7267,871.1553,-74.57258926809925,-33.370000000000005,-113.7266845703125,-380.1552734375
2017-05-20,857.0,638.6511007230233,950.2,1067.3794,830.41235,218.34889927697668,-93.20000000000005,-210.37939453125,26.587646484375
2017-05-21,944.0,631.3757517723321,1069.15,1084.5535,753.725,312.62424822766786,-125.15000000000009,-140.553466796875,190.2750244140625
2017-05-22,458.0,561.9874192457999,694.91,657.38666,582.17145,-103.98741924579986,-236.90999999999997,-199.38665771484375,-124.17144775390625
2017-05-23,379.0,599.9980588862996,493.81,508.5086,333.5065,-220.99805888629965,-114.81,-129.50860595703125,45.493499755859375
2017-05-24,438.0,652.0850965701474,450.48,442.98538,322.38892,-214.08509657014736,-12.480000000000018,-4.985382080078125,115.611083984375
2017-05-25,318.0,591.2088219579206,387.58,367.48203,344.86514,-273.2088219579206,-69.57999999999998,-49.482025146484375,-26.865142822265625
2017-05-26,743.0,566.4569459491426,705.84,702.3955,532.75195,176.54305405085745,37.15999999999997,40.6044921875,210.248046875
2017-05-27,766.0,637.927909416262,931.54,949.76184,981.709,128.07209058373803,-165.53999999999996,-183.7618408203125,-215.708984375
2017-05-28,867.0,630.8178101007412,832.15,834.4586,854.0593,236.1821898992588,34.85000000000002,32.5413818359375,12.940673828125
2017-05-29,436.0,562.953539555948,561.55,581.04156,435.90503,-126.95353955594805,-125.54999999999995,-145.04156494140625,0.094970703125
2017-05-30,396.0,600.1238867881739,425.93,461.90607,507.74673,-204.12388678817388,-29.930000000000007,-65.90606689453125,-111.74673461914062
2017-05-31,463.0,651.0692755827439,592.88,502.94818,437.25446,-188.0692755827439,-129.88,-39.94818115234375,25.74554443359375
2017-06-01,473.0,591.5344192355205,443.11,440.3588,505.4459,-118.53441923552055,29.889999999999986,32.641204833984375,-32.445892333984375
2017-06-02,846.0,567.3218961480829,562.44,559.71936,690.2894,278.67810385191706,283.55999999999995,286.2806396484375,155.7105712890625
2017-06-03,1370.0,637.2206733526358,1020.5,991.7523,993.40735,732.7793266473642,349.5,378.2476806640625,376.5926513671875
2017-06-04,1550.0,630.2720741159369,1240.89,1268.3496,948.98663,919.7279258840631,309.1099999999999,281.650390625,601.0133666992188
2017-06-05,746.0,563.8983910924579,751.85,605.1668,477.619,182.10160890754207,-5.850000000000023,140.83319091796875,268.3810119628906
2017-06-06,635.0,600.2470213358685,541.8,474.09845,450.77283,34.75297866413155,93.20000000000005,160.90155029296875,184.2271728515625
2017-06-07,675.0,650.0757834859248,693.29,978.7137,386.66748,24.92421651407517,-18.289999999999964,-303.71368408203125,288.33251953125
2017-06-08,510.0,591.8527874919014,461.31,424.71875,369.3471,-81.85278749190138,48.69,85.28125,140.65289306640625
2017-06-09,471.0,568.1678657179089,578.03,681.6411,539.63226,-97.16786571790885,-107.02999999999997,-210.64111328125,-68.63226318359375
2017-06-10,917.0,636.5290405309458,1002.19,917.5735,870.7875,280.47095946905415,-85.19000000000005,-0.573486328125,46.2125244140625
2017-06-11,1289.0,629.7382768128604,1095.09,1138.3514,875.4483,659.2617231871396,193.91000000000008,150.6485595703125,413.55169677734375
2017-06-12,477.0,564.8224420736464,587.0,501.45178,382.10986,-87.82244207364636,-110.0,-24.4517822265625,94.89013671875
2017-06-13,507.0,600.367520137317,418.71,422.75507,399.50748,-93.367520137317,88.29000000000002,84.24493408203125,107.49252319335938
2017-06-14,437.0,649.1041294708526,527.65,505.25668,373.28308,-212.10412947085263,-90.64999999999998,-68.25668334960938,63.7169189453125
2017-06-15,449.0,592.1640872116532,447.74,381.83716,394.85352,-143.16408721165317,1.259999999999991,67.162841796875,54.146484375
2017-06-16,640.0,568.9952711668934,579.68,639.34924,644.63184,71.00472883310658,60.32000000000005,0.6507568359375,-4.6318359375
2017-06-17,867.0,635.8526667156005,1094.71,1125.4749,1101.9459,231.14733328439945,-227.71000000000004,-258.474853515625,-234.9459228515625
2017-06-18,790.0,629.2161570270932,973.6,903.4496,1159.9513,160.78384297290677,-183.60000000000002,-113.4495849609375,-369.9512939453125
2017-06-19,582.0,565.7261504104321,581.39,498.08527,606.33093,16.27384958956793,0.6100000000000136,83.91473388671875,-24.3309326171875
2017-06-20,549.0,600.4854395692639,485.66,491.40305,576.7908,-51.48543956926392,63.339999999999975,57.596954345703125,-27.790771484375
2017-06-21,460.0,648.1538335169855,573.02,533.0967,498.53656,-188.15383351698551,-113.01999999999998,-73.0966796875,-38.53656005859375
2017-06-22,321.0,592.4684753169616,397.95,329.09375,434.78867,-271.46847531696164,-76.94999999999999,-8.09375,-113.78866577148438
2017-06-23,399.0,569.8045198636464,485.65,472.31232,470.41934,-170.80451986364642,-86.64999999999998,-73.31231689453125,-71.41934204101562
2017-06-24,709.0,635.1912152652989,797.67,804.00256,639.2269,73.80878473470113,-88.66999999999996,-95.0025634765625,69.7730712890625
2017-06-25,677.0,628.7054593070995,910.75,850.02045,622.03174,48.294540692900455,-233.75,-173.02044677734375,54.96826171875
2017-06-26,417.0,566.60996393324,481.47,518.81213,270.64532,-149.60996393324,-64.47000000000003,-101.8121337890625,146.35467529296875
2017-06-27,348.0,600.6008348035554,430.24,469.8002,328.41748,-252.60083480355536,-82.24000000000001,-121.80020141601562,19.58251953125
2017-06-28,416.0,647.2244261549477,450.6,446.04608,346.38983,-231.22442615494765,-34.60000000000002,-30.04608154296875,69.61016845703125
2017-06-29,309.0,592.7661052466796,373.96,422.05472,360.94772,-283.76610524667956,-64.95999999999998,-113.05471801757812,-51.947723388671875
2017-06-30,454.0,570.5960102376698,542.63,616.09766,535.26794,-116.59601023766982,-88.63,-162.09765625,-81.2679443359375
2017-07-01,1059.0,634.5443569654956,892.58,847.3262,1054.4423,424.4556430345044,166.41999999999996,211.673828125,4.5577392578125
2017-07-02,1061.0,628.2059337892645,1186.87,1151.0428,1095.6733,432.79406621073554,-125.86999999999989,-90.0428466796875,-34.67333984375
2017-07-03,575.0,567.4743206139121,698.59,712.53107,574.95605,7.525679386087859,-123.59000000000003,-137.53106689453125,0.0439453125
2017-07-04,506.0,600.7137598328683,479.14,444.2267,557.03784,-94.71375983286828,26.860000000000014,61.773284912109375,-51.037841796875
2017-07-05,558.0,646.3154482346085,608.25,564.04535,488.38446,-88.31544823460854,-50.25,-6.04534912109375,69.61553955078125
2017-07-06,282.0,593.0571270336395,396.68,424.01337,439.9625,-311.0571270336395,-114.68,-142.01336669921875,-157.96249389648438
2017-07-07,436.0,571.370131975508,562.08,535.53815,515.0646,-135.370131975508,-126.08000000000004,-99.53814697265625,-79.0645751953125
2017-07-08,703.0,633.9117698645588,840.62,825.1442,743.83673,69.08823013544122,-137.62,-122.14422607421875,-40.83673095703125
2017-07-09,919.0,627.7173360756632,1075.19,1044.4999,741.0924,291.2826639243368,-156.19000000000005,-125.4998779296875,177.9075927734375
2017-07-10,474.0,568.3196487827321,509.49,483.31085,347.97577,-94.31964878273209,-35.49000000000001,-9.31085205078125,126.02423095703125
2017-07-11,422.0,600.8242674958916,389.6,391.6806,364.37802,-178.8242674958916,32.39999999999998,30.31939697265625,57.621978759765625
2017-07-12,418.0,645.426450698263,474.7,475.31848,354.94754,-227.426450698263,-56.69999999999999,-57.3184814453125,63.052459716796875
2017-07-13,402.0,593.3416873802544,484.45,391.90103,360.62866,-191.34168738025437,-82.44999999999999,10.098968505859375,41.371337890625
2017-07-14,440.0,572.1272662125982,514.57,452.96686,522.4953,-132.12726621259822,-74.57000000000005,-12.96685791015625,-82.49530029296875
2017-07-15,977.0,633.2931391135452,1045.51,910.2852,921.05023,343.7068608864548,-68.50999999999999,66.71478271484375,55.94976806640625
2017-07-16,1042.0,627.2394271145066,1076.99,1021.81854,1122.9832,414.7605728854934,-34.99000000000001,20.18145751953125,-80.983154296875
2017-07-17,691.0,569.1463673406731,671.69,580.37317,681.7703,121.85363265932688,19.309999999999945,110.6268310546875,9.22967529296875
2017-07-18,692.0,600.9324095019695,480.33,444.68033,604.736,91.06759049803054,211.67000000000002,247.31967163085938,87.26397705078125
2017-07-19,569.0,644.5569943587946,615.4,612.5863,505.3728,-75.55699435879455,-46.39999999999998,-43.5863037109375,63.627197265625
2017-07-20,432.0,593.6199297324375,395.63,409.86176,453.43936,-161.61992973243753,36.370000000000005,22.13824462890625,-21.439361572265625
2017-07-21,568.0,572.8677857209086,546.45,513.2958,537.7427,-4.867785720908614,21.549999999999955,54.7042236328125,30.25732421875
2017-07-22,877.0,632.6881568095081,993.04,1065.9226,820.17474,244.3118431904919,-116.03999999999996,-188.922607421875,56.82525634765625
2017-07-23,1120.0,626.7719730832,1053.06,1023.5919,881.8029,493.2280269168,66.94000000000005,96.4080810546875,238.19708251953125
2017-07-24,556.0,569.9548859669735,560.78,538.58386,476.83865,-13.954885966973507,-4.779999999999973,17.4161376953125,79.16134643554688
2017-07-25,494.0,601.0382364552192,459.17,400.26855,440.1319,-107.03823645521925,34.829999999999984,93.7314453125,53.86810302734375
2017-07-26,532.0,643.7066496827159,489.8,484.10742,387.31732,-111.70664968271592,42.19999999999999,47.892578125,144.68267822265625
2017-07-27,367.0,593.8919943518838,396.55,364.5914,378.53265,-226.8919943518838,-29.55000000000001,2.408599853515625,-11.53265380859375
2017-07-28,580.0,573.5920550924599,462.36,388.88843,534.09534,6.407944907540127,117.63999999999999,191.111572265625,45.9046630859375
2017-07-29,1018.0,632.0965218422623,1002.91,1033.1389,885.71655,385.9034781577377,15.090000000000032,-15.138916015625,132.283447265625
2017-07-30,1170.0,626.3147452739602,1118.37,1013.32574,997.56635,543.6852547260398,51.63000000000011,156.67425537109375,172.43365478515625
2017-07-31,656.0,570.7456053221428,582.78,482.46848,542.00903,85.25439467785725,73.22000000000003,173.53152465820312,113.990966796875
2017-08-01,702.0,601.1417978781346,570.61,543.29944,581.50244,100.85820212186536,131.39,158.7005615234375,120.49755859375
2017-08-02,629.0,642.8749965779785,716.64,926.6187,516.6476,-13.87499657797855,-87.63999999999999,-297.61871337890625,112.3524169921875
2017-08-03,518.0,594.158018386746,635.5,616.69586,480.32562,-76.158018386746,-117.5,-98.69586181640625,37.67437744140625
2017-08-04,475.0,574.3004309188201,561.5,559.25354,598.8692,-99.3004309188201,-86.5,-84.2535400390625,-123.86920166015625
2017-08-05,850.0,631.5179397445299,876.06,882.2667,939.561,218.48206025547006,-26.059999999999945,-32.2667236328125,-89.56097412109375
2017-08-06,907.0,625.867519981934,1016.44,871.0626,995.5747,281.13248001806596,-109.44000000000005,35.9373779296875,-88.57470703125
2017-08-07,547.0,571.5189172464976,651.91,690.3308,561.33386,-24.518917246497608,-104.90999999999997,-143.330810546875,-14.3338623046875
2017-08-08,457.0,601.2431422346847,469.51,369.31482,500.83688,-144.24314223468468,-12.509999999999991,87.6851806640625,-43.836883544921875
2017-08-09,432.0,642.0616241864443,532.4,413.06323,427.20355,-210.0616241864443,-100.39999999999998,18.936767578125,4.79644775390625
2017-08-10,342.0,594.4181359407419,401.51,354.48575,408.0593,-252.41813594074188,-59.50999999999999,-12.485748291015625,-66.05929565429688
2017-08-11,773.0,574.99326196666,600.43,562.5934,557.83673,198.00673803333996,172.57000000000005,210.4066162109375,215.16326904296875
2017-08-12,595.0,630.9521225453921,686.45,580.4278,978.2069,-35.95212254539206,-91.45000000000005,14.57220458984375,-383.2069091796875
2017-08-13,651.0,625.4300783957658,692.35,543.11633,1003.0186,25.569921604234196,-41.35000000000002,107.8836669921875,-352.01861572265625
2017-08-14,489.0,572.2752049543296,646.18,681.75775,518.1908,-83.27520495432964,-157.17999999999995,-192.75775146484375,-29.1907958984375
2017-08-15,447.0,601.342316952921,421.52,474.19623,568.4527,-154.342316952921,25.480000000000018,-27.19622802734375,-121.45269775390625
